Ticker,Cleaned symbols,Currency,ISIN,Symbol,Created,ISA,Management Fee,Ongoing Charge,Symbol,same,Price,Last Close Price,Category,Rating,YTD,Risk (Rel,3 Yr,YTD,1 Day,1 Week,1 Month,3 Month,6 Month,1 Yr,3 Yr,5 Yr,10 Yr,Tenure
Amundi ETF MSCI China EUR A/I GBP,CC1,GBX,FR0010713784,CC1,01/07/2013,TRUE,0.55,0.55,,FALSE,166.54,GBP,China Equity,Not Rated,0,-,20.54,0,0,0,0,-4.09,2.95,-13.78,-2.15,-,-,4.6
Amundi ETF MSCI EM Latin America EUR A/I GBP,ALAT,GBX,FR0011020973,ALAT,01/07/2013,TRUE,0.2,0.2,,FALSE,6.63,GBP,Latin America Equity,Not Rated,4.19,-,18.42,4.19,0,0,0,4.19,2.89,-20.94,-18.44,-,-,4.6
Amundi ETF MSCI Emerging Markets EUR A/I GBP,AEEM,GBX,FR0010959676,AEEM,01/07/2013,TRUE,0.2,0.2,,FALSE,2.2,GBP,Global Emerging Markets Equity,Not Rated,-0.83,-,13.31,-0.83,0,0,0,-0.83,1.74,-17.69,-6.64,-,-,4.6
Amundi ETF MSCI Germany A/I GBP,CG1,GBX,FR0010655712,CG1,01/07/2013,TRUE,0.25,0.25,CG1,TRUE,191.91,GBP,Germany Large-Cap Equity,3,6.13,Average,14.88,6.13,-0.67,-1.09,0.79,5.55,10.91,33.47,8.76,12.92,-,4.6
Amundi ETF MSCI Italy A/I GBP,CI1,GBX,FR0010655720,CI1,01/07/2013,TRUE,0.25,0.25,CI1,TRUE,80.93,GBP,Italy Equity,1,2.87,Above Average,16.84,2.87,-0.34,-1.72,2.14,1.72,18.15,27.5,-0.29,7.84,-,4.6
Amundi ETF MSCI Nordic A/I GBP,CN1,GBX,FR0010655738,CN1,01/07/2013,TRUE,0.25,0.25,CN1,TRUE,291.58,GBP,Nordic Equity,2,4.74,Below Average,10,4.74,-0.38,-1.09,-0.17,4.04,4.79,19.28,7.56,11.07,-,4.6
Amundi ETF MSCI Spain A/I GBP,CS1,GBX,FR0010655746,CS1,01/07/2013,TRUE,0.25,0.25,CS1,TRUE,172.38,GBP,Spain Equity,2,12.74,High,16.83,12.74,0.28,-0.81,6.24,10.81,18.79,38.4,3.26,11,-,4.6
Amundi ETF MSCI UK A/I GBP,CUK,GBX,FR0010655761,CUK,01/07/2013,TRUE,0.25,0.25,CUK,TRUE,159.78,GBP,UK Large-Cap Blend Equity,2,4.37,Average,9.81,4.37,0.21,-0.44,-0.18,3.11,6.02,24.86,6.44,8.51,-,4.6
Amundi ETF MSCI USA EUR A/I GBP,CU2,GBX,FR0010688275,CU2,01/07/2013,TRUE,0.28,0.28,,FALSE,157.61,GBP,US Large-Cap Blend Equity,Not Rated,-1.9,-,10.79,-1.9,0,0,0,-1.9,7.96,-2.22,12,-,-,4.6
Amundi ETF MSCI World EUR A/I GBP,CW8,GBX,FR0010756098,CW8,01/07/2013,TRUE,0.38,0.38,,FALSE,150.6,GBP,Global Large-Cap Blend Equity,Not Rated,-2.81,-,9.76,-2.81,0,0,0,-2.81,5.55,-5.51,7.62,-,-,4.6
Amundi ETF NASDAQ-100 EUR A/I GBP,ANX,GBX,FR0010892216,ANX,01/07/2013,TRUE,0.23,0.23,,FALSE,31.91,GBP,US Large-Cap Growth Equity,Not Rated,-5.24,-,13,-5.24,0,0,0,-5.24,7.86,1.19,18.41,-,-,4.6
Boost FTSE 100 3x Short Daily ETP,3UKS,GBX,IE00B7VB3908,3UKS,06/12/2012,TRUE,0.8,-,3UKS,TRUE,18.72,GBP,Trading - Leveraged/Inverse Equity,Not Rated,-12.55,-,28.08,-12.55,-0.79,1.07,0.13,-9.98,-19.06,-54.2,-29.15,-,-,-
Boost ShortDAX?3x Daily ETP GBP,3SDE,GBX,IE00B8GKPP93,3SDE,06/12/2012,TRUE,0.8,-,3SDE,TRUE,7,GBP,Trading - Leveraged/Inverse Equity,Not Rated,-20.1,-,52.68,-20.1,1.63,-1.65,-6.12,-16.75,-40.28,-58.45,-39.38,-,-,-
Boost Silver 3x Short Daily ETP GBP,3SSI,GBX,IE00B8JG1787,3SSI,06/12/2012,TRUE,0.99,-,3SSI,TRUE,69.18,GBP,Trading - Leveraged/Inverse Commodities,Not Rated,-32.76,-,74.69,-32.76,1.17,-0.61,-11.42,-26.3,-17.87,-51.88,-15.59,-,-,-
CSOP Source FTSE China A50 ETF GBP,CHNP,GBX,IE00BGSHB123,CHNP,08/01/2014,TRUE,0.99,1.15,CHNP,TRUE,13.61,GBP,China Equity - A Shares,Not Rated,5.42,-,31.91,5.42,0.22,0.52,-0.27,2.33,6.98,20.61,26.13,-,-,-
db Physical Gold GBP Hedged ETC,XGLS,GBX,GB00B68FL050,XGLS,22/06/2010,TRUE,0.69,-,XGLS,TRUE,7.45,GBP,Commodities - Precious Metals,Not Rated,7.93,-,15.2,7.93,-0.6,0.02,2.35,5.62,-2.01,1.02,-2.14,-5.97,-,6
db x-trackers DAX?(DR) Income 1D GBP,XDDX,GBX,LU0838782315,XDDX,06/09/2007,TRUE,0.01,0.09,XDDX,TRUE,94.43,GBP,Germany Large-Cap Equity,3,6.3,Average,15.97,6.3,-0.82,-1.27,0.8,5.63,12.02,34.82,6.61,-,-,4.4
db x-trackers DBLCI OY Balanced 3C,XDBG,GBX,LU0460391906,XDBG,06/09/2007,TRUE,0.4,0.55,XDBG,TRUE,23.29,GBP,Commodities - Broad Basket,Not Rated,-0.69,-,12.76,-0.69,0.42,0.87,-1.72,-1.07,0.74,14.99,-13.04,-,-,9.8
db x-trackers Euro Stoxx 50 (DR) 1C GBP,XESC,GBX,LU0380865021,XESC,06/09/2007,TRUE,0.01,0.09,XESC,TRUE,40.06,GBP,Eurozone Large-Cap Equity,3,6.3,Above Average,13.17,6.3,-0.48,-1.29,1.4,5.46,12.43,32.21,7.09,12.33,-,10.3
db x-trackers Euro Stoxx 50 (DR) 1D GBP,XESX,GBX,LU0274211217,XESX,06/09/2007,TRUE,0.01,0.09,XESX,TRUE,31.54,GBP,Eurozone Large-Cap Equity,3,6.32,Above Average,14.8,6.32,-0.47,-1.3,1.4,5.47,12.44,32.17,5,9.43,-,10.3
db x-trackers Euro Stoxx SelDiv 30(DR)1D GBP,XD3E,GBX,LU0292095535,XD3E,06/09/2007,TRUE,0.2,0.3,XD3E,TRUE,18.86,GBP,Eurozone Large-Cap Equity,4,4.03,Below Average,14.13,4.03,-0.62,-1.17,1.13,3.29,11.45,31.39,7.71,9.23,-,9.8
db x-trackers Euro Stoxx50 Short Dly 1C GBP,XSSX,GBX,LU0292106753,XSSX,06/09/2007,TRUE,0.3,0.4,XSSX,TRUE,12.73,GBP,Trading - Leveraged/Inverse Equity,Not Rated,-7.15,-,22.34,-7.15,0,-1.41,-3.1,-5.34,-17.17,-19.18,-10.01,-14.5,-,9.8
db x-trackers FTSE 100 (DR) 1C,XDUK,GBX,LU0838780707,XDUK,06/09/2007,TRUE,0.01,0.09,XDUK,TRUE,8.42,GBP,UK Large-Cap Blend Equity,3,3.71,Average,9.75,3.71,0.28,-0.8,-0.63,2.86,5.63,24.66,6.91,-,-,4.4
db x-trackers FTSE 100 (DR) Income 1D,XUKX,GBX,LU0292097234,XUKX,06/09/2007,TRUE,0.2,0.3,XUKX,TRUE,7.84,GBP,UK Large-Cap Blend Equity,2,3.33,Average,9.8,3.33,0.22,-0.46,-0.29,2.89,5.91,24.93,6.72,8.75,-,9.8
db x-trackers FTSE 100 Short Daily 1C,XUKS,GBX,LU0328473581,XUKS,06/09/2007,TRUE,0.3,0.5,XUKS,TRUE,4.29,GBP,Trading - Leveraged/Inverse Equity,Not Rated,-4.36,-,9.49,-4.36,-0.27,0.35,0.06,-3.42,-6.75,-22.11,-9.13,-10.4,-,8.8
db x-trackers FTSE 250 (DR) 1D,XMCX,GBX,LU0292097317,XMCX,06/09/2007,TRUE,0.25,0.35,XMCX,TRUE,19.64,GBP,UK Mid-Cap Equity,3,6.11,Below Average,9.3,6.11,0.32,0.6,1.2,4.52,5.41,16.82,7.31,13.41,-,9.8
db x-trackers FTSE All-Share (DR) 1D,XASX,GBX,LU0292097747,XASX,06/09/2007,TRUE,0.3,0.4,XASX,TRUE,4.19,GBP,UK Large-Cap Blend Equity,3,4.26,Below Average,8.71,4.26,0.28,-0.19,-0.18,3.17,5.98,23.1,6.74,9.42,-,9.8
db x-trackers FTSE China 50 (DR) 1C GBP,XX25,USD,LU0292109856,XX2D,06/09/2007,TRUE,0.4,0.6,XX25,FALSE,26.64,GBP,China Equity,3,9.97,Above Average,19.74,9.97,-0.13,-0.65,1.18,7.79,5.88,39,15.9,9.02,-,9.8
db x-trackers FTSE E/N Dev Eurp RE(DR)1C GBP,XDER,GBX,LU0489337690,XDER,06/09/2007,TRUE,0.2,0.4,XDER,TRUE,20.03,GBP,Property - Indirect Europe,4,1.88,Average,12.87,1.88,0.41,0.84,0.78,2.16,-0.53,6.83,11.19,13.83,-,7.1
db x-trackers FTSE Vietnam 1C GBP,XFVT,USD,LU0322252924,XVTD,06/09/2007,TRUE,0.65,0.85,XFVT,FALSE,19.4,GBP,Vietnam Equity,1,9.29,High,17.54,9.29,-1.59,0.52,3.67,6.49,0.67,28.18,3.32,5.04,-,9.3
db x-trackers Harvest CSI300 (DR) 1D GBP,RQFI,USD,LU0875160326,ASHR,06/09/2007,TRUE,0.45,0.65,RQFI,FALSE,8.21,GBP,China Equity - A Shares,3,6.88,Above Average,30.76,6.88,1.03,0.95,0.71,3.38,7.11,16.74,24.58,-,-,3.3
db x-trackers II Global Sovereign 2D,XGSG,GBX,LU0641006290,XGSG,13/08/2009,TRUE,0.15,0.25,XGSG,TRUE,26.65,GBP,Global Bond - GBP Hedged,3,-0.08,Above Average,3.51,-0.08,0.02,0.11,0.53,-0.02,-2.49,-0.93,3.49,-,-,8.5
db x-trackers II iBoxx Glbl Infl-Lnkd 3D,XGIG,GBX,LU0641007264,XGIG,13/08/2009,TRUE,0.15,0.25,XGIG,TRUE,25.04,GBP,Global Inflation-Linked Bond - GBP Hedged,5,1.36,Average,5.29,1.36,0.52,0.64,1.23,0.99,-1.34,6.71,5.63,-,-,9.8
db x-trackers II Sterling Cash 1D,XSTR,GBX,LU0321464652,XSTR,13/08/2009,TRUE,0.05,0.15,XSTR,TRUE,183.67,GBP,Money Market - Other,Not Rated,0.02,-,0.03,0.02,0,0,0.01,0.02,0.03,0.15,0.24,0.25,-,9.5
db x-trackers LPX MM Private Equity 1C GBP,XLPE,GBX,LU0322250712,XLPE,06/09/2007,TRUE,0.5,0.7,XLPE,TRUE,42.76,GBP,Sector Equity Private Equity,4,5.62,Above Average,11.39,5.62,-0.43,0.8,0.25,3.59,11.85,33.4,12.46,17.79,-,9.3
db x-trackers Mittelstd&MidCap DEU(DR)1D GBP,XDGM,GBX,IE00B9MRJJ36,XDGM,16/02/2011,TRUE,0.4,0.4,XDGM,TRUE,18.64,GBP,Germany Small/Mid-Cap Equity,3,10.3,Average,-,10.3,-0.28,0,3.48,10.07,10.17,34.21,-,-,-,3.3
db x-trackers MSCI AC Asia ex Japan 1C GBP,XAXJ,USD,LU0322252171,XAXD,06/09/2007,TRUE,0.45,0.65,XAXJ,FALSE,30.58,GBP,Asia ex Japan Equity,3,12.64,Average,14.57,12.64,0.02,-0.41,3.29,10.7,8.38,37.69,13.8,9.15,-,8.3
db x-trackers MSCI AC AsiaExJpHiDivYld1D GBP,XAHG,USD,LU0592215825,XAHD,06/09/2007,TRUE,0.45,0.65,XAHG,FALSE,1.37,GBP,Asia ex Japan Equity,2,11.39,Average,15.6,11.39,0.26,-0.4,1.67,9.56,7.84,35.08,9.09,-,-,6
db x-trackers MSCI Brazil (DR) 1C GBP,XMBR,USD,LU0292109344,XMBD,06/09/2007,TRUE,0.45,0.65,XMBR,FALSE,34.01,GBP,Brazil Equity,3,12.45,Above Average,36.36,12.45,0.7,0.89,-1.29,8.85,14.94,74.57,5.48,-2.63,-,9.8
db x-trackers MSCI Canada DR 1C GBP,XCAD,USD,LU0476289540,XCAD,06/09/2007,TRUE,0.15,0.35,,FALSE,26.01,GBP,Canada Equity,Not Rated,-18.92,-,12.7,-18.92,0,0,-3.74,-11.71,-20.99,-17.98,-3.72,-1.62,-,7.1
db x-trackers MSCI China (DR) 1C GBP,XCX6,USD,LU0514695690,XCS6,06/09/2007,TRUE,0.45,0.65,XCX6,FALSE,11.46,GBP,China Equity,3,12.94,Average,19.19,12.94,0,-0.17,2.03,10.54,6.01,40.86,16.38,10.12,-,6.8
db x-trackers MSCI EM Asia 1C GBP,XMAS,USD,LU0292107991,XMAD,06/09/2007,TRUE,0.45,0.65,XMAS,FALSE,34.86,GBP,Asia ex Japan Equity,3,13.17,Average,15.07,13.17,0.03,-0.34,3.53,11.2,8.82,38.42,13.86,8.83,-,9.8
db x-trackers MSCI EM EMEA 1C GBP,XMEA,USD,LU0292109005,XMXD,06/09/2007,TRUE,0.45,0.65,XMEA,FALSE,15.55,GBP,EMEA Equity,Not Rated,-14.34,-,14.54,-14.34,0,0,-2.75,-13.8,-23.98,-23.82,-8.61,-6.62,-,9.8
db x-trackers MSCI EM LatAm 1C GBP,XMLA,USD,LU0292108619,XMLD,06/09/2007,TRUE,0.45,0.65,XMLA,FALSE,35.03,GBP,Latin America Equity,2,12.86,Above Average,25.71,12.86,0.53,0.46,1.49,11.56,13.5,48.05,4.65,-1.71,-,9.8
db x-trackers MSCI Emerging Markets 1C GBP,XMMD,USD,LU0292107645,XMMD,06/09/2007,TRUE,0.45,0.65,XMMD,TRUE,31.88,GBP,Global Emerging Markets Equity,3,11.59,Average,15.97,11.59,-0.09,-0.61,2.61,9.99,9.14,37.78,10.21,5.2,-,9.8
db x-trackers MSCI Europe (DR) 1C GBP,XMED,USD,LU0274209237,XMED,06/09/2007,TRUE,0.2,0.3,,FALSE,46.19,GBP,Europe Large-Cap Blend Equity,4,4.87,Average,10.07,4.87,0.38,3.15,2.94,13.28,10.74,27.74,8.68,10.44,-,10.3
db x-trackers MSCI Europe Mid Cap(DR)1C GBP,XEUM,GBX,LU0322253732,XEUM,06/09/2007,TRUE,0.3,0.4,XEUM,TRUE,79.22,GBP,Europe Mid-Cap Equity,3,6.69,Average,10.23,6.69,-0.06,-0.23,1.29,5.83,7.44,23.12,9.42,13.41,-,9.3
db x-trackers MSCI Europe Sm Cap (DR) 1C GBP,XXSC,GBX,LU0322253906,XXSC,06/09/2007,TRUE,0.3,0.4,XXSC,TRUE,33.87,GBP,Europe Small-Cap Equity,3,7.22,Average,10.36,7.22,0.12,0.31,1.53,5.91,7.37,24.53,11,16.79,-,9.3
db x-trackers MSCI India 1C GBP,XCX5,USD,LU0514695187,XCS5,06/09/2007,TRUE,0.55,0.75,XCX5,FALSE,8.79,GBP,India Equity,1,17.29,Below Average,18.4,17.29,0.24,0.66,5.1,15.88,8.84,36.18,16.51,10.23,-,6.8
db x-trackers MSCI Indonesia 1C GBP,XMID,USD,LU0476289623,XIDD,06/09/2007,TRUE,0.45,0.65,XMID,FALSE,11.82,GBP,Indonesia Equity,3,7.6,Above Average,24.15,7.6,-0.36,0.9,5.56,6.39,2.01,28.81,10.25,3.98,-,7.1
db x-trackers MSCI Japan (DR) 1C GBP,XMJP,USD,LU0274209740,XMJD,06/09/2007,TRUE,0.4,0.5,XMJP,FALSE,42.04,GBP,Japan Large-Cap Equity,3,3.48,Average,11.88,3.48,-0.43,-1.97,-1.44,1.29,6.32,36.36,15.95,12.13,-,10.3
db x-trackers MSCI Japan (DR) 6C,XMJG,GBX,LU0659580236,XMJG,06/09/2007,TRUE,0.5,0.6,XMJG,TRUE,19.97,GBP,Japan Equity - Currency Hedged,Not Rated,-0.19,-,17.61,-0.19,0.14,-1.43,-2.65,-2.05,11.43,19.16,6.82,-,-,10.3
db x-trackers MSCI Korea (DR) 1C GBP,XKS2,USD,LU0292100046,XKSD,06/09/2007,TRUE,0.45,0.65,XKS2,FALSE,51.79,GBP,Korea Equity,4,13.62,Above Average,17.27,13.62,-0.41,-1.89,5.05,12,12.2,40.85,10.84,6.54,-,9.8
db x-trackers MSCI Malaysia (DR) 1C GBP,XCX3,USD,LU0514694370,XCS3,06/09/2007,TRUE,0.3,0.5,XCX3,FALSE,8.98,GBP,Other Asia-Pacific Equity,Not Rated,7.61,-,18.96,7.61,-0.39,-1.29,1.23,6.41,1.84,5.03,-0.76,0.88,-,6.8
db x-trackers MSCI Mexico (DR) 1C GBP,XMEX,USD,LU0476289466,XMES,06/09/2007,TRUE,0.45,0.65,XMEX,FALSE,3.93,GBP,Other Americas Equity,Not Rated,15.66,-,18.06,15.66,0.49,0.03,6.46,19.76,8.6,16.17,4.14,2.67,-,7.1
db x-trackers MSCI NA Hi Div Yld (DR)1C GBP,XDND,GBX,IE00BH361H73,XDND,16/02/2011,TRUE,0.39,0.39,XDND,TRUE,23.97,GBP,US Large-Cap Value Equity,5,3.12,Low,-,3.12,0.36,-0.16,-1.44,3.92,11.14,31.14,-,-,-,3.3
db x-trackers MSCI Nordic (DR) 1D GBP,XDN0,GBX,IE00B9MRHC27,XDN0,16/02/2011,TRUE,0.3,0.3,XDN0,TRUE,28.76,GBP,Nordic Equity,2,5.1,Below Average,10.35,5.1,-0.38,-0.86,0.14,4.32,5.1,20.3,6.57,-,-,3.6
db x-trackers MSCI Pacific exJapan(DR)1C GBP,XPXJ,USD,LU0322252338,XPXD,06/09/2007,TRUE,0.3,0.45,XPXJ,FALSE,43.92,GBP,Asia-Pacific ex-Japan Equity,3,10.6,High,14.75,10.6,0.16,-0.59,1.53,8.26,10.6,40.37,11.4,10.23,-,8.3
db x-trackers MSCI Philippines IM (DR)1C GBP,XPHG,USD,LU0592215403,XPHI,06/09/2007,TRUE,0.45,0.65,XPHG,FALSE,1.55,GBP,Other Asia-Pacific Equity,Not Rated,6.89,-,17.59,6.89,1.4,2.31,2.85,2.07,-2.67,11.61,11.21,-,-,6
db x-trackers MSCI Russia Capped 1C GBP,XMRC,USD,LU0322252502,XMRD,06/09/2007,TRUE,0.45,0.65,XMRC,FALSE,19.91,GBP,Russia Equity,2,-2.43,Average,27.66,-2.43,1.18,1.69,2.26,-3.32,17.45,54.51,8.57,-0.19,-,9.3
db x-trackers MSCI Taiwan (DR) 1C GBP,XMTW,USD,LU0292109187,XMTD,06/09/2007,TRUE,0.45,0.65,XMTW,FALSE,20.33,GBP,Taiwan Large-Cap Equity,3,12.76,Average,16.62,12.76,0.78,-0.04,4.02,10.91,12.06,45.39,17.97,12.89,-,9.8
db x-trackers MSCI Thailand (DR) 1C GBP,XCX4,USD,LU0514694701,XCS4,06/09/2007,TRUE,0.3,0.5,XCX4,FALSE,17.08,GBP,Thailand Equity,2,7.3,Above Average,16.12,7.3,-0.6,-0.41,2.44,5.79,7.66,38.77,13.62,7.77,-,6.8
db x-trackers MSCI USA (DR) 1C GBP,XD9U,USD,IE00BJ0KDR00,XD9U,16/02/2011,TRUE,0.07,0.07,,FALSE,50.67,GBP,US Large-Cap Blend Equity,Not Rated,6.36,-,-,6.36,-0.17,2.78,5.72,12.51,19.28,41.78,-,-,-,2.9
db x-trackers MSCI USA 1C GBP,XMUS,USD,LU0274210672,XMUD,06/09/2007,TRUE,0.2,0.3,XMUS,FALSE,49.79,GBP,US Large-Cap Blend Equity,5,4.36,Below Average,10.68,4.36,0.33,0.09,-1.91,4.72,13.06,33.79,20.62,18.38,-,10.3
db x-trackers MSCI World 1C GBP,XMWD,USD,LU0274208692,XMWD,06/09/2007,TRUE,0.35,0.45,XMWD,TRUE,27.35,GBP,Global Large-Cap Blend Equity,Not Rated,-5.45,-,10.51,-5.45,0,0,-3.29,-7.71,-13.23,1.58,9.82,8.28,-,10.3
db x-trackers Nifty 50 1C GBP,XNIF,USD,LU0292109690,XNID,06/09/2007,TRUE,0.65,0.85,XNIF,FALSE,114.79,GBP,India Equity,2,16.23,Average,19.27,16.23,0.09,0.58,4.83,15.56,9.32,38.67,18.41,11.43,-,9.8
db x-trackers S&P 500 1C GBP,XSPX,USD,LU0490618542,XSPU,06/09/2007,TRUE,0.05,0.2,XSPX,FALSE,33.31,GBP,US Large-Cap Blend Equity,5,4.29,Below Average,10.59,4.29,0.32,0.11,-1.93,4.75,13.26,33.62,20.95,18.57,-,7.1
db x-trackers S&P 500 2x Inverse Dly 1C GBP,XT2D,USD,LU0411078636,XT2D,06/09/2007,TRUE,0.5,0.7,,FALSE,3.21,GBP,Trading - Leveraged/Inverse Equity,Not Rated,10.94,-,22.17,10.94,0,0,4.25,14.85,8.81,-5.66,-24.31,-27.22,-,7.1
db x-trackers S&P 500 Inverse Daily 1C GBP,XSPS,USD,LU0322251520,XSPD,06/09/2007,TRUE,0.3,0.5,XSPS,FALSE,14.05,GBP,Trading - Leveraged/Inverse Equity,Not Rated,-6.66,-,17.4,-6.66,-0.76,-0.86,-1.71,-5.34,-7.96,-5.12,-2.47,-9.69,-,9.3
db x-trackers S&P Global Infras 1C GBP,XSGI,USD,LU0322253229,XGID,06/09/2007,TRUE,0.4,0.6,XSGI,FALSE,32.73,GBP,Sector Equity Infrastructure,4,6.42,Below Average,11.78,6.42,0.23,-0.03,2.11,6.58,8.32,28.88,13,12.09,-,9.3
db x-trackers S&P Select Frontier 1C GBP,XSFR,USD,LU0328476410,XSFD,06/09/2007,TRUE,0.75,0.95,XSFR,FALSE,10.77,GBP,Global Frontier Markets Equity,2,19.36,High,18.22,19.36,0.09,1.25,1.77,16.49,25.37,61.7,11.92,12.05,-,9.3
db x-trackers S&P/ASX 200 (DR) 1D GBP,XAUS,GBX,LU0328474803,XAUS,06/09/2007,TRUE,0.3,0.5,XAUS,TRUE,31.39,GBP,Australia & New Zealand Equity,3,8.77,Average,15.95,8.77,0.26,-1.16,1.44,6.42,11.57,42.02,8.08,8.09,-,9.3
db x-trackers ShortDAX Daily 1C GBP,XSDX,GBX,LU0292106241,XSDX,06/09/2007,TRUE,0.3,0.4,XSDX,TRUE,19.11,GBP,Trading - Leveraged/Inverse Equity,Not Rated,-7.27,-,24.01,-7.27,0.31,-1.41,-2.52,-5.64,-16.92,-20.54,-11.36,-14.55,-,9.8
db x-trackers Stoxx Eurp600 (DR) 1C GBP,XSX6,GBX,LU0328475792,XSX6,06/09/2007,TRUE,0.1,0.2,XSX6,TRUE,65.12,GBP,Europe Large-Cap Blend Equity,4,5.82,Average,10.51,5.82,-0.27,-0.85,0.7,4.75,8.46,26.9,8.17,11.94,-,8.3
db x-trackers Stoxx Eurp600 Banks 1C GBP,XS7R,GBX,LU0292103651,XS7R,06/09/2007,TRUE,0.15,0.3,XS7R,TRUE,34.16,GBP,Sector Equity Financial Services,2,5.06,Above Average,18.61,5.06,0.15,-2.04,-0.42,1.59,21.46,41.72,-0.9,8.37,-,9.8
db x-trackers Stoxx Eurp600 Bas Res 1C GBP,XSPR,GBX,LU0292100806,XSPR,06/09/2007,TRUE,0.15,0.3,XSPR,TRUE,74.57,GBP,Sector Equity Industrial Materials,1,8.5,High,29.23,8.5,0.49,1,-1.96,7.51,25.62,82.52,4.91,1.83,-,9.8
db x-trackers Stoxx Eurp600 Food&Bev 1C GBP,XS3R,GBX,LU0292105359,XS3R,06/09/2007,TRUE,0.15,0.3,XS3R,TRUE,98.6,GBP,Sector Equity Consumer Goods & Services,3,5.45,Average,13.18,5.45,-0.3,-1.22,1.15,4.74,-2.25,12.52,11.84,12.41,-,9.8
db x-trackers Stoxx Eurp600 HC 1C GBP,XSDR,GBX,LU0292103222,XSDR,06/09/2007,TRUE,0.15,0.3,XSDR,TRUE,108.77,GBP,Sector Equity Healthcare,2,8.02,Average,12.9,8.02,-0.5,-0.57,-0.37,5.81,3.8,18.93,10.8,14.96,-,9.8
db x-trackers Stoxx Eurp600 IndlGds 1C GBP,XSNR,GBX,LU0292106084,XSNR,06/09/2007,TRUE,0.15,0.3,XSNR,TRUE,75.11,GBP,Sector Equity Industrial Materials,3,8.06,Average,11.69,8.06,-0.11,0.01,1.97,7.68,10.05,32.48,9.35,13.26,-,9.8
db x-trackers Stoxx Eurp600 Oil&Gas 1C GBP,XSER,GBX,LU0292101796,XSER,06/09/2007,TRUE,0.3,0.3,XSER,TRUE,64.36,GBP,Sector Equity Energy,3,-1.17,Average,19.8,-1.17,0.33,0.7,0.05,-2.13,8.04,41.42,2.91,-58.91,-,9.8
db x-trackers Stoxx Eurp600 Tech 1C GBP,XS8R,GBX,LU0292104469,XS8R,06/09/2007,TRUE,0.15,0.3,XS8R,TRUE,50.95,GBP,Sector Equity Technology,3,12.07,High,15.68,12.07,-0.56,-0.77,2.09,12.92,9.31,35.53,15.08,16.55,-,9.8
db x-trackers Stoxx Eurp600 Telecom 1C GBP,XSKR,GBX,LU0292104030,XSKR,06/09/2007,TRUE,0.15,0.3,XSKR,TRUE,60.89,GBP,Sector Equity Communications,2,2.57,Above Average,13.53,2.57,-0.51,-2.21,1.02,-0.52,1.05,6.8,5.63,-56.46,-,9.8
db x-trackers Stoxx Eurp600 Utilities 1C GBP,XS6R,GBX,LU0292104899,XS6R,06/09/2007,TRUE,0.15,0.3,XS6R,TRUE,66.21,GBP,Sector Equity Utilities,2,5.94,Above Average,14.64,5.94,0.14,-0.23,2.68,6.99,2.77,15.26,3.84,7.79,-,9.8
db x-trackers Stoxx Glbl Sel Div 100 1D GBP,XGSD,USD,LU0292096186,XGDD,06/09/2007,TRUE,0.4,0.5,XGSD,FALSE,26.11,GBP,Global Equity Income,3,3.43,Average,11.24,3.43,-0.31,-1.15,-2.01,2.19,7.34,28.04,9.5,8.64,-,9.8
ETFS 3x Short EUR Long GBP,SUP3,GBX,JE00B3W0MY68,SUP3,12/11/2009,TRUE,0.98,-,SUP3,TRUE,37.92,GBP,Other,Not Rated,-0.01,-,28.19,-0.01,0.76,3.86,2.1,-1.6,5.98,-24.94,-9.47,-6.82,-,6.4
ETFS 3x Short JPY Long GBP,SYP3,GBX,JE00B3TG7R50,SYP3,12/11/2009,TRUE,0.98,-,SYP3,TRUE,27.38,GBP,Other,Not Rated,-12.23,-,46.68,-12.23,1.9,1.69,-3.9,-11.28,10.29,-50.49,-31.38,-8.9,-,6.4
ETFS Agriculture ETC GBP,AGAP,GBX,GB00B15KYH63,AGAP,10/08/2011,TRUE,0.49,-,AGAP,TRUE,4.07,GBP,Commodities - Broad Agriculture,Not Rated,-4.91,-,17.53,-4.91,0.22,-1.38,-8.73,-6.86,-4.92,10.56,-5.26,-4.52,-,10.6
ETFS All Commodities ETC GBP,AGCP,GBX,GB00B15KY989,AGCP,10/08/2011,TRUE,0.49,-,AGCP,TRUE,6.93,GBP,Commodities - Broad Basket,Not Rated,-3.2,-,13.57,-3.2,0.25,-0.05,-3.25,-2.08,2.29,25.09,-6.02,-5.92,-,10.6
ETFS Brent Oil 1 month ETC GBP,OLBP,GBX,GB00B0CTWC01,OLBP,30/10/2008,TRUE,0.49,-,OLBP,TRUE,18.68,GBP,Commodities - Energy,Not Rated,-7.43,-,33.07,-7.43,0.31,3.56,-4.54,-5.63,0.05,44.04,-23.36,-15.95,-,11.8
ETFS Carbon ETC GBP,CARP,GBX,JE00B3CG6315,CARP,30/10/2008,TRUE,0.49,-,CARP,TRUE,3.12,GBP,Commodities - Other,Not Rated,-26.87,-,46.03,-26.87,3.39,-0.27,-14.67,-9.63,-15.31,-3.83,-0.79,-7.31,-,8.5
ETFS Crude Oil ETC,CRUD,USD,GB00B15KXV33,CRUD,10/08/2011,TRUE,0.49,-,CRUD,TRUE,7.6,USD,Commodities - Energy,Not Rated,-9.13,-,30.33,-9.13,0.03,3.3,-6.37,-7.39,-3,33.95,-26.56,-18.78,-,10.6
ETFS DAX Daily 2x Long GO ETF GBP,DL2P,GBX,IE00B4QNHH68,DL2P,17/01/2014,TRUE,0.4,0.41,DL2P,TRUE,254.07,GBP,Trading - Leveraged/Inverse Equity,Not Rated,12.97,-,31.86,12.97,-1.37,-1.2,2.33,10.98,27.67,65.67,11.25,20.04,-,7.8
ETFS DAX Daily 2x Short GO ETF GBP,DS2P,GBX,IE00B4QNHZ41,DS2P,17/01/2014,TRUE,0.6,0.61,DS2P,TRUE,4.49,GBP,Trading - Leveraged/Inverse Equity,Not Rated,-13.97,-,37.65,-13.97,0.9,-1.46,-4.28,-11.38,-29.24,-41.63,-25.29,-30.54,-,7.8
ETFS DAXglobal Gold Mining GO ETF GBP,AUCP,GBX,IE00B3CNHG25,AUCP,17/01/2014,TRUE,0.65,0.65,AUCP,TRUE,18.74,GBP,Sector Equity Precious Metals,3,8.8,Average,46.17,8.8,-0.23,1.34,6.13,3.42,4.11,29.12,13.47,-5.38,-,8.6
ETFS FTSE 100 Leveraged Daily 2x GO ETF,LUK2,GBX,IE00B4QNJJ23,LUK2,17/01/2014,TRUE,0.5,0.52,LUK2,TRUE,285.42,GBP,Trading - Leveraged/Inverse Equity,Not Rated,7.58,-,19.45,7.58,0.5,-0.83,-0.62,5.58,10.73,49.21,8.55,12.86,-,7.8
ETFS FTSE 100 SuperShrtStratDly2x GO ETF,SUK2,GBX,IE00B4QNK008,SUK2,17/01/2014,TRUE,0.6,0.62,SUK2,TRUE,9.67,GBP,Trading - Leveraged/Inverse Equity,Not Rated,-8.48,-,18.79,-8.48,-0.55,0.69,0.14,-6.69,-12.83,-39.65,-19.01,-22.15,-,7.8
ETFS GBP Daily Hdg Brent Crude Oil ETC,PBRT,GBX,JE00B766LB87,PBRT,02/03/2012,TRUE,0.49,-,PBRT,TRUE,3.11,GBP,Commodities - Energy,Not Rated,-6.55,-,34.94,-6.55,0.5,3.98,-2.72,-5.65,-3.54,23.11,-31.28,-21.24,-,-
ETFS GBP Daily Hdgd All Comm DJ-UBS ETC,PALL,GBX,JE00B6S1W779,PALL,02/03/2012,TRUE,0.49,-,PALL,TRUE,5.41,GBP,Commodities - Broad Basket,Not Rated,-2.78,-,12.74,-2.78,0.44,0.32,-1.55,-2.06,-0.85,10.03,-15.17,-11.15,-,5.1
ETFS Gold Bullion Securities ETC GBP,GBSS,GBX,GB00B00FHZ82,GBSS,27/09/2006,TRUE,0.4,-,GBSS,TRUE,94.96,GBP,Commodities - Precious Metals,Not Rated,6.23,-,19.76,6.23,-0.84,-0.74,0.13,5.01,0.51,14.75,7.91,-0.97,-,13
ETFS Gold ETC GBP,BULP,GBX,GB00B15KXX56,BULP,27/09/2006,TRUE,0.49,-,BULP,TRUE,12.03,GBP,Commodities - Precious Metals,Not Rated,5.65,-,19.88,5.65,-0.91,-0.82,-0.08,4.52,-0.45,12.69,6.67,-2.12,-,10.6
ETFS Grains ETC GBP,AGGP,GBX,GB00B15KYL00,AGGP,10/08/2011,TRUE,0.49,-,AGGP,TRUE,2.93,GBP,Commodities - Grains,Not Rated,-2.74,-,22.28,-2.74,0.1,-0.37,-7.98,-4.15,0.02,3.68,-8.34,-5.21,-,10.6
ETFS Long AUD Short GBP,GBAU,GBX,JE00B3S7BB10,GBAU,12/11/2009,TRUE,0.39,-,GBAU,TRUE,58.49,GBP,Other,Not Rated,3.6,-,11.72,3.6,-0.07,-1.53,-1.57,2.86,1.94,14.67,3.56,-0.29,-,6.8
ETFS Long AUD Short USD GBP,AUDP,GBX,JE00B68GQH02,AUDP,12/11/2009,TRUE,0.39,-,AUDP,TRUE,38.28,GBP,Other,Not Rated,3.54,-,11.7,3.54,-0.07,-1.53,-1.61,2.85,1.84,14.44,3.71,-0.1,-,7.4
ETFS Long CAD Short GBP,GBCA,GBX,JE00B3X07W84,GBCA,12/11/2009,TRUE,0.39,-,GBCA,TRUE,43.61,GBP,Other,Not Rated,-1.2,-,9.81,-1.2,-0.21,-0.73,-1.92,-2.14,0.11,10.35,2.08,-1.91,-,6.8
ETFS Long CAD Short USD GBP,CADP,GBX,JE00B68GRL13,CADP,12/11/2009,TRUE,0.39,-,CADP,TRUE,31,GBP,Other,Not Rated,-1.16,-,9.91,-1.16,-0.19,-0.74,-1.93,-2.15,-0.02,10.22,2.27,-1.68,-,7.4
ETFS Long CHF Short GBP,GBCH,GBX,JE00B3SX3R93,GBCH,12/11/2009,TRUE,0.39,-,GBCH,TRUE,58.82,GBP,Other,Not Rated,-0.55,-,12.3,-0.55,-0.47,-1.28,-1.28,-0.16,-1.7,5.55,3.42,1.05,-,6.8
ETFS Long CHF Short USD GBP,CHFP,GBX,JE00B68GVR52,CHFP,12/11/2009,TRUE,0.39,-,CHFP,TRUE,35.99,GBP,Other,Not Rated,-0.57,-,12.28,-0.57,-0.48,-1.33,-1.3,-0.32,-1.83,5.37,3.57,1.25,-,7.4
ETFS Long EUR Short GBP,GBUR,GBX,JE00B3Y3SZ64,GBUR,12/11/2009,TRUE,0.39,-,GBUR,TRUE,46.66,GBP,Other,Not Rated,-0.77,-,9.34,-0.77,-0.24,-1.31,-0.9,-0.16,-3.62,4.21,-0.57,-0.89,-,6.8
ETFS Long GBP Short USD GBP,GBPP,GBX,JE00B68GR111,GBPP,12/11/2009,TRUE,0.39,-,GBPP,TRUE,28.44,GBP,Other,Not Rated,-0.32,-,0.1,-0.32,0,-0.05,-0.11,-0.28,-0.66,-1.23,-0.9,-0.83,-,7.4
ETFS Long JPY Short GBP,GBJP,GBX,JE00B3XR4V72,GBJP,12/11/2009,TRUE,0.39,-,GBJP,TRUE,43.77,GBP,Other,Not Rated,3.41,-,15.87,3.41,-0.64,-0.64,1.13,3.11,-5.56,10.81,5.61,-2.78,-,6.8
ETFS Long JPY Short USD GBP,JPYP,GBX,JE00B68GSP26,JPYP,12/11/2009,TRUE,0.39,-,JPYP,TRUE,29.42,GBP,Other,Not Rated,3.43,-,15.78,3.43,-0.61,-0.62,1.13,3.12,-5.64,10.66,5.77,-2.57,-,7.4
ETFS Long NOK Short GBP,GBNO,GBX,JE00B3S5RB71,GBNO,12/11/2009,TRUE,0.39,-,GBNO,TRUE,43.85,GBP,Other,Not Rated,-1.49,-,11.11,-1.49,-0.36,-1.46,-3.37,-1.81,-4.87,9.34,-2.88,-3.34,-,6.8
ETFS Long NOK Short USD GBP,NOKP,GBX,JE00B68GTQ08,NOKP,12/11/2009,TRUE,0.39,-,NOKP,TRUE,26.96,GBP,Other,Not Rated,-1.53,-,11.14,-1.53,-0.41,-1.48,-3.4,-1.84,-5.04,9.17,-2.75,-3.16,-,7.4
ETFS Long NZD Short GBP,GBNZ,GBX,JE00B45W1502,GBNZ,12/11/2009,TRUE,0.39,-,GBNZ,TRUE,65.14,GBP,Other,Not Rated,-1.27,-,13.51,-1.27,-0.49,-1.45,-2.57,-1.17,-0.44,17.2,4.11,2.98,-,6.8
ETFS Long NZD Short USD GBP,NZDP,GBX,JE00B68GT711,NZDP,12/11/2009,TRUE,0.39,-,NZDP,TRUE,43.18,GBP,Other,Not Rated,-1.29,-,13.53,-1.29,-0.52,-1.45,-2.58,-1.22,-0.58,17.02,4.26,3.18,-,7.4
ETFS Long USD Short GBP,GBUS,GBX,JE00B3WPFZ34,GBUS,12/11/2009,TRUE,0.39,-,GBUS,TRUE,54.99,GBP,Other,Not Rated,-1.35,-,9.46,-1.35,-0.17,-0.36,-1.83,-0.43,2.13,12.83,8.92,3.76,-,6.8
ETFS Longer Dated All Commodities GO ETF GBP,CMFP,GBX,IE00B4WPHX27,CMFP,17/01/2014,TRUE,0.3,0.3,CMFP,TRUE,11.23,GBP,Commodities - Broad Basket,Not Rated,-2.01,-,13.19,-2.01,0.18,0.13,-3,-0.84,3.74,27.9,-3.38,-4.44,-,7.1
ETFS Natural Gas ETC GBP,NGSP,GBX,GB00B15KY104,NGSP,27/09/2006,TRUE,0.49,-,NGSP,TRUE,0.04,GBP,Commodities - Energy,Not Rated,-16.85,-,37.34,-16.85,0.81,2.07,11.78,-1.86,-0.29,35.53,-23.55,-11.23,-,10.6
ETFS Physical Gold GBP,PHGP,GBX,JE00B1VS3770,PHGP,24/04/2007,TRUE,0.39,-,PHGP,TRUE,96.3,GBP,Commodities - Precious Metals,Not Rated,6.22,-,19.83,6.22,-0.83,-0.74,0.14,5.03,0.54,14.79,7.95,-0.95,-,10
ETFS Physical PM Basket ETC GBP,PHPP,GBX,JE00B1VS3W29,PHPP,24/04/2007,TRUE,0.44,-,PHPP,TRUE,74.97,GBP,Commodities - Precious Metals,Not Rated,8.93,-,20.07,8.93,-0.55,-0.03,0.6,5.94,4.58,25.64,6.36,-1.67,-,10
ETFS Physical Silver ETC GBP,PHSP,GBX,JE00B1VS3333,PHSP,24/04/2007,TRUE,0.49,-,PHSP,TRUE,13.92,GBP,Commodities - Precious Metals,Not Rated,10.81,-,26.95,10.81,-0.68,-0.34,1.17,8.94,5.21,35.97,5.87,-6.56,-,10
ETFS Russell 2000 US Small Cap GO ETF GBP,RTWP,GBX,IE00B3CNHJ55,RTWP,17/01/2014,TRUE,0.45,0.46,RTWP,TRUE,45.02,GBP,US Small-Cap Equity,3,-1.21,Average,14.55,-1.21,-0.65,-0.77,-3.45,-0.48,12.02,41.76,17.03,17.32,-,8.6
ETFS Short AUD Long GBP,AUGB,GBX,JE00B3WMCJ71,AUGB,12/11/2009,TRUE,0.39,-,AUGB,TRUE,34.21,GBP,Other,Not Rated,-4.29,-,11.52,-4.29,0.04,1.5,1.35,-3.55,-3.62,-16.63,-6.92,-2.89,-,6.8
ETFS Short AUD Long USD GBP,SAUP,GBX,JE00B68GQZ83,SAUP,12/11/2009,TRUE,0.39,-,SAUP,TRUE,33.2,GBP,Other,Not Rated,-6.4,-,15.64,-6.4,-0.36,0.73,-2.21,-3.99,1.64,9.54,13.43,7.06,-,7.4
ETFS Short CAD Long GBP,CAGB,GBX,JE00B3XY7H57,CAGB,12/11/2009,TRUE,0.39,-,CAGB,TRUE,46.99,GBP,Other,Not Rated,0.44,-,9.78,0.44,0.18,0.65,1.72,1.49,-1.65,-13.01,-5.05,-0.99,-,6.8
ETFS Short CAD Long USD GBP,SCDP,GBX,JE00B68GS291,SCDP,12/11/2009,TRUE,0.39,-,SCDP,TRUE,42.89,GBP,Other,Not Rated,-1.85,-,16.25,-1.85,-0.2,-0.07,-1.81,0.94,3.62,13.92,15.38,9.18,-,7.4
ETFS Short CHF Long GBP,CHGB,GBX,JE00B3NKMM36,CHGB,12/11/2009,TRUE,0.39,-,CHGB,TRUE,33.16,GBP,Other,Not Rated,-0.14,-,12.85,-0.14,0.47,1.25,1.1,-0.45,0.29,-9.01,-7.35,-4.48,-,6.8
ETFS Short CHF Long USD GBP,SCHP,GBX,JE00B68GVT76,SCHP,12/11/2009,TRUE,0.39,-,SCHP,TRUE,35,GBP,Other,Not Rated,-2.47,-,13.91,-2.47,0.06,0.52,-2.51,-0.86,5.61,19.36,12.82,5.29,-,7.4
ETFS Short EUR Long GBP,URGB,GBX,JE00B45CYD99,URGB,12/11/2009,TRUE,0.39,-,URGB,TRUE,44.32,GBP,Other,Not Rated,0.03,-,9.39,0.03,0.2,1.28,0.69,-0.49,2.14,-7.71,-2.52,-1.91,-,6.8
ETFS Short EUR Long USD GBP,SEUP,GBX,JE00B68GSM94,SEUP,12/11/2009,TRUE,0.39,-,SEUP,TRUE,49.88,GBP,Other,Not Rated,-2.27,-,15.3,-2.27,-0.16,0.53,-2.85,-1,7.55,20.92,18.46,8.03,-,7.4
ETFS Short GBP Long USD GBP,USD2,GBX,JE00B68GRJ90,USD2,12/11/2009,TRUE,0.39,-,USD2,TRUE,46.33,GBP,Other,Not Rated,-2.66,-,18.83,-2.66,-0.42,-0.76,-3.64,-0.93,4.17,25.49,18.55,7.96,-,7.4
ETFS Short JPY Long GBP,JPGB,GBX,JE00B3QBQJ84,JPGB,12/11/2009,TRUE,0.39,-,JPGB,TRUE,43.89,GBP,Other,Not Rated,-4.09,-,15.7,-4.09,0.64,0.61,-1.3,-3.74,3.93,-15.94,-9.54,-1.22,-,6.8
ETFS Short JPY Long USD GBP,SJPP,GBX,JE00B68GT596,SJPP,12/11/2009,TRUE,0.39,-,SJPP,TRUE,44.36,GBP,Other,Not Rated,-6.41,-,13.98,-6.41,0.21,-0.18,-4.85,-4.35,9.45,12.58,11.21,9.73,-,7.4
ETFS Short NZD Long GBP,NZGB,GBX,JE00B3YHSG97,NZGB,12/11/2009,TRUE,0.39,-,NZGB,TRUE,30.43,GBP,Other,Not Rated,0.53,-,13.05,0.53,0.53,1.42,2.41,0.45,-1.25,-18.49,-7.39,-6.12,-,6.8
ETFS Short SEK Long GBP,SKGB,GBX,JE00B3TK4N26,SKGB,12/11/2009,TRUE,0.39,-,SKGB,TRUE,42.12,GBP,Other,Not Rated,0.32,-,9.18,0.32,0.07,1.49,1.2,-0.05,1.63,-4.26,-0.29,-0.83,-,6.8
ETFS Short SEK Long USD GBP,SSEP,GBX,JE00B68GV865,SSEP,12/11/2009,TRUE,0.39,-,SSEP,TRUE,43.09,GBP,Other,Not Rated,-2.01,-,16.44,-2.01,-0.32,0.75,-2.39,-0.58,7,24.99,21.11,9.19,-,7.4
ETFS Short USD Long GBP,USGB,GBX,JE00B438PT24,USGB,12/11/2009,TRUE,0.39,-,USGB,TRUE,37.31,GBP,Other,Not Rated,0.76,-,9.54,0.76,0.19,0.35,1.66,-0.08,-3.55,-15.35,-11.2,-6.45,-,6.8
ETFS Silver ETC,SLVR,USD,GB00B15KY328,SLVR,10/08/2011,TRUE,0.49,-,SLVR,TRUE,18.4,USD,Commodities - Precious Metals,Not Rated,10.54,-,27.11,10.54,-0.74,-0.45,1.21,8.3,3.8,32.85,3.88,-8.21,-,10.6
ETFS US Energy Infrastructure MLP GO ETF GBP,MLPX,GBX,IE00BHZKHS06,MLPX,17/01/2014,TRUE,0.25,0.27,MLPX,TRUE,5.87,GBP,Sector Equity Energy,Not Rated,3.6,-,-,3.6,0.47,2.2,-5.19,2.29,10.28,58.92,-,-,-,2.9
ETFS WTI 2mth ETC GBP,OLWP,GBX,GB00B0CTWK84,OLWP,30/10/2008,TRUE,0.49,-,OLWP,TRUE,14.08,GBP,Commodities - Energy,Not Rated,-9.89,-,29.87,-9.89,0.02,3.26,-6.21,-7.72,-3.1,32.99,-24.09,-16.91,-,11.1
First Trust UK AlphaDEX?A GBP,FKU,GBX,IE00B8X9NZ57,FKU,28/03/2013,TRUE,0.65,0.75,FKU,TRUE,21.39,GBP,UK Large-Cap Blend Equity,1,6.36,Above Average,10.2,6.36,1.86,1.06,2.04,4.87,5.12,11,5.05,-,-,4
First Trust US Lg Cp Cor AlphaDEX?A USD GBP,FEX,USD,IE00B8X9NW27,FEXU,28/03/2013,TRUE,0.65,0.75,FEX,FALSE,31.46,GBP,US Large-Cap Blend Equity,3,3.78,Average,11.01,3.78,0.03,-0.35,-2.42,4.12,13.55,33.47,18.36,-,-,4
FT Emerging Markets AlphaDEX?ETF A USD GBP,FEM,USD,IE00B8X9NX34,FEMU,28/03/2013,TRUE,0.8,0.8,FEM,FALSE,20.82,GBP,Global Emerging Markets Equity,3,12.68,High,18.33,12.68,0,0.53,1.64,10.88,14.81,43.72,12.01,-,-,4
HSBC EURO STOXX 50 ETF GBP,H50E,GBX,IE00B4K6B022,H50E,25/08/2009,TRUE,0.05,0.05,H50E,TRUE,30.73,GBP,Eurozone Large-Cap Equity,3,5.75,Above Average,13.22,5.75,-0.52,-1.25,1.32,4.88,11.83,27.87,4.08,9.03,-,7.5
HSBC FTSE 100 ETF,HUKX,GBX,IE00B42TW061,HUKX,25/08/2009,TRUE,0.07,0.07,HUKX,TRUE,73.57,GBP,UK Large-Cap Blend Equity,2,4.53,Average,9.57,4.53,0.25,0.03,0.22,3.56,6.53,25.47,6.83,8.72,-,7.7
HSBC FTSE 250 ETF,HMCX,GBX,IE00B64PTF05,HMCX,25/08/2009,TRUE,0.35,0.35,HMCX,TRUE,18.41,GBP,UK Mid-Cap Equity,3,6.18,Low,9.33,6.18,0.38,0.61,1.22,4.58,4.94,16.73,7.07,13.23,-,7
HSBC FTSE EPRA/NAREIT Developed ETF GBP,HPRO,USD,IE00B5L01S80,HPRD,25/08/2009,TRUE,0.4,0.4,HPRO,FALSE,18.13,GBP,Property - Indirect Global,4,1.53,Average,14.19,1.53,0.07,0.99,-0.68,0.07,1.75,13.32,12.18,9.72,-,5.8
HSBC MSCI AC FAR EAST ex JAPAN ETF GBP,HMAF,USD,IE00BBQ2W338,HMAD,25/08/2009,TRUE,0.6,0.6,HMAF,FALSE,31.21,GBP,Asia ex Japan Equity,3,12.15,Above Average,15.32,12.15,-0.06,-0.54,2.82,10.15,8.03,37.29,13.38,-,-,3.6
HSBC MSCI Brazil ETF GBP,HBRL,GBX,IE00B5W34K94,HBRL,25/08/2009,TRUE,0.6,0.6,HBRL,TRUE,15.12,GBP,Brazil Equity,3,11.94,Above Average,36.49,11.94,0.72,0.82,-1.51,7.54,13.82,70.58,2.41,-5.41,-,6.8
HSBC MSCI Canada ETF GBP,HCAN,USD,IE00B51B7Z02,HCAD,25/08/2009,TRUE,0.35,0.35,HCAN,FALSE,12.95,GBP,Canada Equity,2,-0.1,Average,13.67,-0.1,-0.04,-0.58,-1.3,-1.8,8.05,31.93,5.76,4.18,-,6.2
HSBC MSCI China ETF GBP,HMCH,USD,IE00B44T3H88,HMCD,25/08/2009,TRUE,0.6,0.6,HMCH,FALSE,5.39,GBP,China Equity,3,12.83,Average,19.39,12.83,0,-0.3,2.03,10.43,6.02,38.71,13.91,7.83,-,6.3
HSBC MSCI EM Far East ETF GBP,HMFE,USD,IE00B5LP3W10,HMFD,25/08/2009,TRUE,0.6,0.6,HMFE,FALSE,32.51,GBP,Asia ex Japan Equity,3,11.91,Average,15.99,11.91,-0.03,-0.63,3.39,10.05,7.49,36.37,11.71,6.82,-,6.6
HSBC MSCI EM LA ETF GBP,HMLA,USD,IE00B4TS3815,HMLD,25/08/2009,TRUE,0.6,0.6,HMLA,FALSE,21.51,GBP,Latin America Equity,3,12.66,Above Average,25.53,12.66,0.71,0.73,1.85,11.45,13.05,46.48,2.83,-3.57,-,6.1
HSBC MSCI Emerg Mkts ETF GBP,HMEF,USD,IE00B5SSQT16,HMEM,25/08/2009,TRUE,0.4,0.4,HMEF,FALSE,7.85,GBP,Global Emerging Markets Equity,3,11.33,Average,15.73,11.33,-0.08,-0.71,2.55,9.83,8.37,35.81,8.38,3.31,-,5.6
HSBC MSCI Europe ETF GBP,HMEU,GBX,IE00B5BD5K76,HMEU,25/08/2009,TRUE,0.2,0.2,HMEU,TRUE,11.16,GBP,Europe Large-Cap Blend Equity,4,5.08,Average,10.67,5.08,-0.22,-0.82,0.79,4.06,7.72,23.56,4.82,8.29,-,6.8
HSBC MSCI Indonesia ETF GBP,HIDR,USD,IE00B46G8275,HIDD,25/08/2009,TRUE,0.6,0.6,HIDR,FALSE,65.95,GBP,Indonesia Equity,4,7.43,Above Average,24.1,7.43,-0.14,0.43,4.88,6.68,1.31,27.5,8.96,2.65,-,6.1
HSBC MSCI JAPAN ETF GBP,HMJP,USD,IE00B5VX7566,HMJD,25/08/2009,TRUE,0.19,0.19,HMJP,FALSE,23.77,GBP,Japan Large-Cap Equity,3,2.86,Average,11.77,2.86,-0.41,-1.94,-1.44,0.69,5.76,34.58,14.6,10.73,-,7.1
HSBC MSCI Korea ETF GBP,HKOR,USD,IE00B3Z0X395,HKOD,25/08/2009,TRUE,0.6,0.6,HKOR,FALSE,35.77,GBP,Korea Equity,4,13.63,High,17.32,13.63,-0.43,-2.08,5.05,12.25,11.92,40.69,10.66,6.42,-,6
HSBC MSCI Malaysia ETF GBP,HMYR,USD,IE00B3X3R831,HMYD,25/08/2009,TRUE,0.6,0.6,HMYR,FALSE,27.73,GBP,Other Asia-Pacific Equity,Not Rated,6.74,-,18.74,6.74,0.04,-1,1.43,5.38,0.49,2.76,-3.23,-1.6,-,6.1
HSBC MSCI Mexico Capped ETF GBP,HMEX,USD,IE00B3QMYK80,HMED,25/08/2009,TRUE,0.6,0.6,HMEX,FALSE,30.82,GBP,Other Americas Equity,Not Rated,14.59,-,18.06,14.59,0.52,-0.05,6.35,18.86,7.8,14.79,3,1.71,-,6.1
HSBC MSCI Pacific ex Japan ETF GBP,HMXJ,USD,IE00B5SG8Z57,HMXD,25/08/2009,TRUE,0.4,0.4,HMXJ,FALSE,10.49,GBP,Asia-Pacific ex-Japan Equity,3,8.87,Above Average,14.55,8.87,0.1,-0.62,1.6,6.61,8.82,35.71,7.31,6.28,-,6.6
HSBC MSCI Russia Capped ETF GBP,HRUB,USD,IE00B5LJZQ16,HRUD,25/08/2009,TRUE,0.6,0.6,HRUB,FALSE,7.87,GBP,Russia Equity,2,-5.09,Above Average,28.02,-5.09,1.48,2.01,2.17,-5.62,14.76,50.8,4.67,-3.62,-,5.8
HSBC MSCI Turkey ETF GBP,HTRY,USD,IE00B5BRQB73,HTRD,25/08/2009,TRUE,0.6,0.6,HTRY,FALSE,2.72,GBP,Turkey Equity,3,8.67,Above Average,25.35,8.67,-0.49,-1.31,-1.16,15.61,-3.24,-7.97,-3.27,-2.8,-,6.3
HSBC MSCI USA ETF GBP,HMUS,USD,IE00B5WFQ436,HMUD,25/08/2009,TRUE,0.3,0.3,HMUS,FALSE,18.15,GBP,US Large-Cap Blend Equity,5,3.58,Below Average,10.83,3.58,0.33,0.1,-1.92,3.92,12.04,31.18,18.46,16.39,-,6.8
HSBC MSCI World ETF GBP,HMWO,USD,IE00B4X9L533,HMWD,25/08/2009,TRUE,0.15,0.15,HMWO,FALSE,14.82,GBP,Global Large-Cap Blend Equity,4,4.35,Below Average,9.77,4.35,0.15,-0.32,-1.07,3.91,10.19,30.06,13.29,12.49,-,6.3
HSBC S&P 500 ETF GBP,HSPX,USD,IE00B5KQNG97,HSPD,25/08/2009,TRUE,0.09,0.09,HSPX,FALSE,19.07,GBP,US Large-Cap Blend Equity,5,3.36,Low,10.82,3.36,0.34,0.09,-1.99,3.73,12.14,31.23,18.63,16.47,-,6.9
iShares $ High Yld Corp Bd USD Dist JDR GBP,SHYU,GBP,IE00B4PY7Y77,SHYU,27/09/2004,TRUE,0.5,0.5,SHYU,TRUE,85.24,GBP,USD High Yield Bond,3,0.98,Above Average,11.25,0.98,-0.11,0.16,-1.8,1.17,2.78,22.67,7.31,4,-,5.6
iShares $ TIPS GBP,ITPS,USD,IE00B1FZSC47,IDTP,27/09/2004,TRUE,0.25,0.25,ITPS,FALSE,162.31,GBP,USD Inflation-Linked Bond,4,0.5,Average,11.42,0.5,-0.25,-0.14,-0.48,0.63,1.66,15,12.27,5.79,8.97,10.3
iShares $ Treasury Bond 1-3yr GBP,IBTS,USD,IE00B14X4S71,IDBT,27/09/2004,TRUE,0.2,0.2,IBTS,FALSE,105.92,GBP,USD Government Bond,2,-1.41,Low,9.96,-1.41,-0.22,-0.34,-1.94,-0.62,1.79,12.68,9.95,4.93,5.47,10.8
iShares $ Treasury Bond 3-7yr USD Acc GBP,CU71,GBX,IE00B3VWN393,CU71,01/07/2013,TRUE,0.2,0.2,CU71,TRUE,98.8,GBP,USD Government Bond,3,-0.32,Average,11.36,-0.32,-0.21,-0.13,-0.83,0.12,0.77,12.22,12.09,6.26,-,7.8
iShares $ Treasury Bond 7-10yr GBP,IBTM,USD,IE00B1FZS798,IDTM,27/09/2004,TRUE,0.2,0.2,IBTM,FALSE,157.39,GBP,USD Government Bond,5,0.28,Above Average,13.58,0.28,-0.24,-0.12,-0.3,0.35,-2.26,8.29,11.24,5.18,7.39,10.3
iShares $ Treasury Bond 7-10yr USD Acc GBP,CU01,GBX,IE00B3VWN518,CU01,01/07/2013,TRUE,0.2,0.2,CU01,TRUE,110.9,GBP,USD Government Bond,4,0.29,Above Average,13.12,0.29,-0.27,-0.1,-0.29,0.39,-1.38,10.3,13.57,7.62,-,7.8
iShares àCorp Bond 0-5yr GBP Dist,IS15,EUR,IE00B5L65R35,ES15,27/09/2004,TRUE,0.2,0.2,IS15,FALSE,106.4,GBP,GBP Corporate Bond,1,0.5,Low,1.72,0.5,-0.09,-0.07,-0.05,0.73,1.01,3.77,3.13,4.23,-,6.1
iShares àCorp Bond ex-Fincls GBP Dist,ISXF,EUR,IE00B4L60H17,SSXF,12/05/2008,TRUE,0.2,0.2,ISXF,FALSE,128.41,GBP,GBP Corporate Bond,3,1.3,Above Average,8.03,1.3,-0.35,0.28,0.55,1.86,-1.58,9.68,7.93,6.96,-,7.6
iShares àIndex-Linked Gilts GBP Dist,INXG,GBP,IE00B1FZSD53,INXG,27/09/2004,TRUE,0.25,0.25,INXG,TRUE,18.62,GBP,GBP Inflation-Linked Bond,3,4.23,Average,11.43,4.23,0.12,3.3,4.55,4.23,-0.83,22.96,13.81,9.16,9.05,10.3
iShares àUltrashort Bond GBP Dist,ERNS,GBP,IE00BCRY6441,ERNS,20/09/2010,TRUE,0.09,0.09,ERNS,TRUE,100.46,GBP,GBP Diversified Bond - Short Term,3,0.19,Low,0.13,0.19,0,-0.02,0.07,0.22,0.31,0.97,0.75,-,-,-
iShares  Aggregate Bond EUR Dist GBP,SEAG,GBP,IE00B3DKXQ41,SEAG,12/05/2008,TRUE,0.25,0.25,SEAG,TRUE,103.33,GBP,EUR Diversified Bond,4,-1.76,Average,10.52,-1.76,-0.2,-1.07,-0.4,-0.53,-5.66,4.27,3.04,3.23,-,8.1
iShares  Corp Bd ex-Fincls 1-5yr  Dist GBP,EEX5,GBP,IE00B4L5ZY03,EEX5,12/05/2008,TRUE,0.2,0.2,EEX5,TRUE,93.99,GBP,EUR Corporate Bond - Short Term,4,-0.56,Above Average,9.56,-0.56,-0.28,-1.12,-0.71,0.05,-3.04,6.5,1.65,1.44,-,7.6
iShares  Corp Bond 1-5yr EUR Dist GBP,SE15,GBP,IE00B4L60045,SE15,12/05/2008,TRUE,0.2,0.2,SE15,TRUE,94.4,GBP,EUR Corporate Bond - Short Term,4,-0.43,Average,9.43,-0.43,-0.25,-1.08,-0.65,0.17,-2.82,6.9,1.8,1.88,-,7.6
iShares  Corp Bond ex-Fincls EUR Dist GBP,EEXF,GBP,IE00B4L5ZG21,EEXF,12/05/2008,TRUE,0.2,0.2,EEXF,TRUE,100.11,GBP,EUR Corporate Bond,3,-0.72,Average,10.31,-0.72,-0.22,-0.89,-0.26,-0.02,-4.38,6.25,2.52,2.35,-,7.6
iShares  Covered Bond EUR Dist GBP,SCOV,GBP,IE00B3B8Q275,SCOV,12/05/2008,TRUE,0.2,0.2,SCOV,TRUE,132.47,GBP,EUR Corporate Bond,3,-0.41,Below Average,9.77,-0.41,-0.23,-1.06,-0.39,0.2,-4.18,5.66,2.32,2.72,-,8.7
iShares  Govt Bond 10-15yr EUR Dist GBP,IBGZ,GBP,IE00B4WXJH41,IBGZ,12/05/2008,TRUE,0.2,0.2,IBGZ,TRUE,145.71,GBP,EUR Bond - Long Term,3,-2.97,Below Average,12.48,-2.97,-0.29,-1.05,-0.34,-1.27,-8.68,1.72,5.9,6.55,-,8
iShares  Govt Bond 5-7yr EUR Dist GBP,IBGY,GBP,IE00B4WXJG34,IBGY,12/05/2008,TRUE,0.2,0.2,IBGY,TRUE,131.92,GBP,EUR Government Bond,3,-1.01,Below Average,9.84,-1.01,-0.2,-0.97,-0.49,-0.06,-4.35,5.33,3.46,3.1,-,8
iShares  High Yield Corp Bond EUR Dist GBP,SHYG,GBP,IE00B66F4759,SHYG,27/09/2004,TRUE,0.5,0.5,SHYG,TRUE,90.38,GBP,EUR High Yield Bond,3,-1.01,Below Average,9.52,-1.01,-0.2,-1.14,-2.69,-1.11,-1.88,9.63,0.06,1.5,-,6.6
iShares  Inflation Lnkd Govt Bd EUR Acc GBP,IBCI,EUR,IE00B0M62X26,IBC1,27/09/2004,TRUE,0.25,0.25,IBCI,FALSE,172.82,GBP,EUR Inflation-Linked Bond,3,-2.71,Average,9.87,-2.71,-0.19,-1.16,-1.53,-1.61,-5.18,5.96,2.84,2.49,5,11.4
iShares AEX EUR Dist GBP,IAEX,GBX,IE00B0M62Y33,IAEX,27/09/2004,TRUE,0.3,0.3,IAEX,TRUE,44.05,GBP,Netherlands Equity,3,6.69,Average,12.55,6.69,-0.11,-0.97,0.89,6.21,9.98,27.56,9.39,11.07,2.21,11.4
iShares Agribusiness USD Acc GBP,SPAG,GBX,IE00B6R52143,SPAG,26/04/2010,TRUE,0.55,0.55,SPAG,TRUE,24.19,GBP,Sector Equity Agriculture,4,2.19,Average,11.81,2.19,0.33,-0.36,-1.41,1.49,9.33,32.53,11.44,8.16,-,5.6
iShares Asia Pacific Dividend GBP,IAPD,USD,IE00B14X4T88,IDAP,27/09/2004,TRUE,0.59,0.59,IAPD,FALSE,24.1,GBP,Asia-Pacific inc. Japan Equity,3,7.24,High,15.69,7.24,0.25,0.01,0.94,4.86,6.86,38.62,5.83,3.9,2.79,10.8
iShares Asia Property Yield GBP,IASP,USD,IE00B1FZS244,IDAR,27/09/2004,TRUE,0.59,0.59,IASP,FALSE,21.29,GBP,Property - Indirect Asia,4,7.46,Above Average,15.16,7.46,0.21,0.07,1.77,5.92,0.69,22.89,12.9,8.71,3.14,10.5
iShares BRIC 50 GBP,BRIC,USD,IE00B1W57M07,DBRC,27/09/2004,TRUE,0.74,0.74,BRIC,FALSE,20.63,GBP,BRIC Equity,4,7.84,Average,17.32,7.84,-0.04,-0.25,1.23,6.49,5.04,42.56,11.38,3.5,-,10
iShares China Large Cap GBP,FXC,USD,IE00B02KXK85,IDFX,27/09/2004,TRUE,0.74,0.74,FXC,FALSE,89.61,GBP,China Equity,3,9.75,Average,20.15,9.75,-0.11,-0.59,1.24,7.71,5.6,35.52,12.99,6.23,5.52,12.5
iShares Core àCorp Bond GBP Dist,SLXX,GBP,IE00B00FV011,SLXX,27/09/2004,TRUE,0.2,0.2,SLXX,TRUE,145.73,GBP,GBP Corporate Bond,3,1.45,High,8.43,1.45,-0.37,0.48,0.41,1.8,-0.98,10.41,8.03,7.45,5.51,13.1
iShares Core  Govt Bond EUR Dist GBP,SEGA,GBP,IE00B4WXJJ64,SEGA,12/05/2008,TRUE,0.2,0.2,SEGA,TRUE,103.86,GBP,EUR Government Bond,4,-1.94,Average,10.91,-1.94,-0.27,-1.06,-0.46,-0.54,-6.21,3.7,3.79,4.02,-,8
iShares Core EURO STOXX 50 EUR Acc GBP,CS51,GBX,IE00B53L3W79,CS51,01/07/2013,TRUE,0.1,0.1,CS51,TRUE,87.65,GBP,Eurozone Large-Cap Equity,3,6.32,Above Average,13.11,6.32,-0.49,-1.36,1.48,5.47,12.46,32.33,7.23,12.44,-,7.3
iShares Core FTSE 100 GBP Dist,ISF,GBX,IE0005042456,ISF,27/09/2004,TRUE,0.07,0.07,ISF,TRUE,7.26,GBP,UK Large-Cap Blend Equity,3,4.39,Average,9.31,4.39,0.1,-0.64,-0.36,3.1,6.26,25.38,6.92,8.79,4.88,17
iShares Core MSCI EM IMI USD Acc GBP,EMIM,USD,IE00BKM4GZ66,EIMI,27/09/2004,TRUE,0.25,0.25,EMIM,FALSE,20.02,GBP,Global Emerging Markets Equity,Not Rated,11.59,-,-,11.59,-0.07,-0.42,2.56,10.2,9.22,37.69,-,-,-,-
iShares Core MSCI Japan IMI USD Acc GBP,SJPA,GBX,IE00B4L5YX21,SJPA,12/05/2008,TRUE,0.2,0.2,SJPA,TRUE,29.27,GBP,Japan Large-Cap Equity,4,4.13,Below Average,11.57,4.13,-0.39,-2.04,-1.21,1.86,6.51,37.1,17.14,12.87,-,7.6
iShares Core MSCI Pacific ex-Jpn USD Acc GBP,CPJ1,GBX,IE00B52MJY50,CPJ1,01/07/2013,TRUE,0.2,0.2,CPJ1,TRUE,105.74,GBP,Asia-Pacific ex-Japan Equity,3,10.95,High,15.2,10.95,0.17,-0.74,1.54,8.22,10.89,40.28,11.65,10.39,-,7.3
iShares Core MSCI World USD Acc GBP,SWDA,GBX,IE00B4L5Y983,SWDA,12/05/2008,TRUE,0.2,0.2,SWDA,TRUE,37.73,GBP,Global Large-Cap Blend Equity,5,4.59,Below Average,9.7,4.59,0.13,-0.4,-1.11,4.27,10.92,32.55,15.91,15.09,-,7.6
iShares Core S&P 500 USD (Acc) GBP,CSP1,GBX,IE00B5BMR087,CSP1,01/07/2013,TRUE,0.07,0.07,CSP1,TRUE,180.63,GBP,US Large-Cap Blend Equity,5,4.28,Below Average,10.45,4.28,0.33,0.07,-1.99,4.65,13.12,33.51,20.78,18.52,-,6.9
iShares Core UK Gilts GBP Dist,IGLT,GBP,IE00B1FZSB30,IGLT,27/09/2004,TRUE,0.2,0.2,IGLT,TRUE,13.39,GBP,GBP Government Bond,3,1.54,Average,7.65,1.54,-0.36,0.68,1.08,2.86,-1.46,6.43,7.52,4.94,6.17,10.3
iShares Developed Markets Property Yld GBP,IWDP,USD,IE00B1FZS350,IDWP,27/09/2004,TRUE,0.59,0.59,IWDP,FALSE,20.16,GBP,Property - Indirect Global,5,1.87,Above Average,15.13,1.87,-0.16,0.96,-0.48,0.45,1.54,13.64,13.54,9.72,3.32,10.5
iShares Dow Jones Glbl Sstnbty Scrnd$Acc GBP,IGSG,GBX,IE00B57X3V84,IGSG,27/09/2004,TRUE,0.6,0.6,IGSG,TRUE,27.64,GBP,Global Large-Cap Blend Equity,3,4.88,Average,10.02,4.88,0.04,-0.61,-0.68,4.28,10.86,34.4,13.12,12.85,-,6.2
iShares Dow Jones Industrial Avg USD Acc GBP,CID1,GBX,IE00B53L4350,CID1,01/07/2013,TRUE,0.33,0.33,CID1,TRUE,177.45,GBP,US Large-Cap Blend Equity,4,3.89,Average,11.31,3.89,0.37,0.36,-2.52,4.7,17.39,36.08,20.82,17.17,-,7.3
iShares Edge MSCI EM Minimum Vol USD Acc GBP,EMV,USD,IE00B8KGV557,EMMV,06/03/2012,TRUE,0.4,0.4,EMV,FALSE,20.93,GBP,Global Emerging Markets Equity,3,8.36,Low,13.46,8.36,0.1,0,2.3,7.29,3.56,24.79,9.7,-,-,-
iShares Edge MSCI Europe Min Vol EUR Acc GBP,IMV,EUR,IE00B86MWN23,MVEU,06/03/2012,TRUE,0.25,0.25,IMV,FALSE,34.09,GBP,Europe Large-Cap Blend Equity,5,5.87,Low,10.18,5.87,-0.28,-0.63,1.44,5.15,3.3,16.39,10.86,-,-,-
iShares Edge MSCI Wld Mom Fctr USD Acc GBP,IWFM,GBX,IE00BP3QZ825,IWFM,20/09/2010,TRUE,0.3,0.3,IWFM,TRUE,24.61,GBP,Global Large-Cap Blend Equity,Not Rated,6.71,-,-,6.71,0.42,0.14,0.48,7.01,11.64,29.91,-,-,-,-
iShares Edge MSCI Wld Qual Fctr USD Acc GBP,IWFQ,GBX,IE00BP3QZ601,IWFQ,20/09/2010,TRUE,0.3,0.3,IWFQ,TRUE,23.67,GBP,Global Large-Cap Blend Equity,Not Rated,5.01,-,-,5.01,0.11,-0.32,-0.97,5.04,9.17,26.34,-,-,-,-
iShares Edge MSCI Wld Size Fctr USD Acc GBP,IWFS,GBX,IE00BP3QZD73,IWFS,20/09/2010,TRUE,0.3,0.3,IWFS,TRUE,23.48,GBP,Global Small-Cap Equity,Not Rated,4.95,-,-,4.95,-0.07,-0.63,-0.47,3.79,9.27,32.44,-,-,-,-
iShares Edge MSCI World Min Vol USD Acc GBP,MINV,USD,IE00B8FHGS14,MVOL,06/03/2012,TRUE,0.3,0.3,MINV,FALSE,31.58,GBP,Global Large-Cap Blend Equity,5,4.34,Low,11.31,4.34,0.05,-0.28,-0.6,4.28,7.56,22.66,20.06,-,-,4.4
iShares Edge S&P 500 Min Vol USD (Acc) GBP,MVUS,USD,IE00B6SPMN59,SPMV,06/03/2012,TRUE,0.2,0.2,MVUS,FALSE,36.07,GBP,US Large-Cap Blend Equity,5,1.75,Low,11.86,1.75,0.39,-0.58,-2.13,2.57,8.65,24.97,22.16,-,-,-
iShares EM Dividend USD Dist GBP,SEDY,GBX,IE00B652H904,SEDY,26/04/2010,TRUE,0.65,0.65,SEDY,TRUE,17.39,GBP,Global Emerging Markets Equity,1,13.38,Above Average,18.97,13.38,-0.46,-0.57,0.81,11.87,13.14,41.99,2.25,-1.63,-,5.4
iShares EM Local Govt Bond USD Dist GBP,SEML,GBP,IE00B5M4WH52,SEML,12/05/2008,TRUE,0.5,0.5,SEML,TRUE,51.27,GBP,Global Emerging Markets Bond - Local Currency,3,1.93,Above Average,15.61,1.93,-0.19,-0.83,0.98,2.43,-0.82,13.5,0.53,-3.04,-,5.8
iShares Emerg Asia Lcl Govt Bd USD Dist GBP,SGEA,GBP,IE00B6QGFW01,SGEA,12/05/2008,TRUE,0.5,0.5,SGEA,TRUE,72.44,GBP,Global Emerging Markets Bond - Local Currency,5,2.76,Low,12.91,2.76,-0.32,-0.74,0.44,2.32,-3.42,9.13,7.27,3.31,-,5.1
iShares Emerging Market Infrastructure GBP,IEMI,USD,IE00B2NPL135,DEIN,27/09/2004,TRUE,0.74,0.74,IEMI,FALSE,18.2,GBP,Sector Equity Infrastructure,2,11.72,Above Average,16.34,11.72,0.05,0.8,4.19,10.94,5.86,24.8,8.49,5.08,-,9.2
iShares EURO Dividend GBP,IDVY,GBX,IE00B0M62S72,IDVY,27/09/2004,TRUE,0.4,0.4,IDVY,TRUE,19.22,GBP,Eurozone Large-Cap Equity,3,4.03,Average,11.99,4.03,-0.39,-0.95,1.43,3.4,11.62,26.31,6.42,8.37,-2.71,11.5
iShares Euro Government Bond 1-3yr GBP,IBGS,GBP,IE00B14X4Q57,IBGS,27/09/2004,TRUE,0.2,0.2,IBGS,TRUE,123.19,GBP,EUR Government Bond - Short Term,5,-0.47,Average,9.35,-0.47,-0.26,-1.33,-0.8,0.15,-2.76,6.36,1.51,1.61,3.37,10.8
iShares Euro Government Bond 15-30yr GBP,IBGL,EUR,IE00B1FZS913,IEGL,27/09/2004,TRUE,0.2,0.2,IBGL,FALSE,192.52,GBP,EUR Bond - Long Term,3,-3.68,Average,16.71,-3.68,-0.37,-0.86,-0.1,-0.98,-11.99,-1.03,7.89,7.5,6.02,10.3
iShares Euro Government Bond 3-5yr GBP,IBGX,EUR,IE00B1FZS681,IEGX,27/09/2004,TRUE,0.2,0.2,IBGX,FALSE,144.22,GBP,EUR Government Bond,3,-0.52,Low,9.47,-0.52,-0.24,-1.18,-0.67,0.29,-3,6.52,2.41,2.68,4.32,10.3
iShares Euro Government Bond 7-10yr GBP,IBGM,EUR,IE00B1FZS806,IEGM,27/09/2004,TRUE,0.2,0.2,IBGM,FALSE,177.18,GBP,EUR Government Bond,5,-1.4,High,10.94,-1.4,-0.27,-0.99,-0.3,-0.03,-5.93,4.32,4.73,4.63,6.05,10.3
iShares EURO STOXX 50 Dist GBP,EUE,GBX,IE0008471009,EUE,27/09/2004,TRUE,0.35,0.35,EUE,TRUE,30.1,GBP,Eurozone Large-Cap Equity,3,5.78,Above Average,13.31,5.78,-0.46,-1.23,1.43,4.92,11.36,28.06,3.89,8.61,0.29,17
iShares EURO STOXX Mid GBP,DJMC,GBX,IE00B02KXL92,DJMC,27/09/2004,TRUE,0.4,0.4,DJMC,TRUE,47.58,GBP,Eurozone Mid-Cap Equity,3,7.33,Average,12.17,7.33,-0.08,-0.31,2.29,6.37,12.15,30.31,8.17,13.04,2.99,12.5
iShares EURO STOXX Small GBP,DJSC,GBX,IE00B02KXM00,DJSC,27/09/2004,TRUE,0.4,0.4,DJSC,TRUE,27.76,GBP,Eurozone Mid-Cap Equity,2,8.8,Above Average,14.12,8.8,-0.22,-0.07,3.01,7.64,12.02,25.83,3.82,9.77,2.03,12.5
iShares EURO Total Market Growth Large GBP,IDJG,GBX,IE00B0M62V02,IDJG,27/09/2004,TRUE,0.4,0.4,IDJG,TRUE,29.72,GBP,Eurozone Large-Cap Equity,5,7.21,Average,12.78,7.21,-0.55,-0.69,2.25,7.56,6.11,23.36,6.94,10.68,3.79,11.4
iShares EURO Total Market Value Large GBP,IDJV,GBX,IE00B0M62T89,IDJV,27/09/2004,TRUE,0.4,0.4,IDJV,TRUE,19.49,GBP,Eurozone Large-Cap Equity,2,6.42,High,14.41,6.42,-0.28,-1.43,2.36,5.04,16.42,33.71,1.99,8.23,-1.75,11.4
iShares European Property Yield GBP,IPRP,GBX,IE00B0M63284,IPRP,27/09/2004,TRUE,0.4,0.4,IPRP,TRUE,32.53,GBP,Property - Indirect Europe,4,1.97,Average,16.46,1.97,0.15,0.31,0.93,2.18,-2.24,7.41,10.99,10.44,1.99,11.4
iShares Finland Govt Bond EUR Dist GBP,SFIN,GBP,IE00B5SH2232,SFIN,26/04/2010,TRUE,0.2,0.2,SFIN,TRUE,120.64,GBP,EUR Government Bond,3,-0.71,Average,10.4,-0.71,-0.22,-0.83,-0.14,0.44,-4.5,6,4.13,-,-,4.9
iShares FTSE 100 GBP Acc GBP,CUKX,GBX,IE00B53HP851,CUKX,01/07/2013,TRUE,0.07,0.07,CUKX,TRUE,107.12,GBP,UK Large-Cap Blend Equity,3,4.27,Average,9.81,4.27,0.26,-0.26,-0.2,3.39,6.42,25.51,7.1,8.86,-,7.3
iShares FTSE 250 GBP Dist,MIDD,GBX,IE00B00FV128,MIDD,27/09/2004,TRUE,0.4,0.4,MIDD,TRUE,18.33,GBP,UK Mid-Cap Equity,3,5.78,Below Average,9.75,5.78,0.33,0.58,1.04,3.92,5.54,16.89,7.44,13.32,7.35,13.1
iShares FTSE MIB EUR Acc GBP,CMB1,GBX,IE00B53L4X51,CMB1,01/07/2013,TRUE,0.33,0.33,CMB1,TRUE,61.23,GBP,Italy Equity,2,5.06,Above Average,16.74,5.06,-0.35,-1.58,2.31,3.58,20,29.55,0.61,9.5,-,7.3
iShares FTSE MIB EUR Dist GBP,IMIB,GBX,IE00B1XNH568,IMIB,27/09/2004,TRUE,0.35,0.35,IMIB,TRUE,10.36,GBP,Italy Equity,2,4.96,Above Average,17.73,4.96,-0.42,-1.62,2.3,3.53,16.77,25.51,-1.93,6.68,-,9.8
iShares FTSEurofirst 100 EUR Dist GBP,IEUT,GBX,IE0030974079,IEUT,27/09/2004,TRUE,0.4,0.4,IEUT,TRUE,23.73,GBP,Europe Large-Cap Blend Equity,3,5.57,Above Average,11.09,5.57,-0.18,-0.94,1,4.68,8.57,26.16,3.7,6.95,1,15.5
iShares FTSEurofirst 80 EUR Dist GBP,IEUR,GBX,IE0004855221,IEUR,27/09/2004,TRUE,0.4,0.4,IEUR,TRUE,9.96,GBP,Eurozone Large-Cap Equity,3,7.04,Above Average,12.63,7.04,-0.47,-1.09,2.21,6.24,11.72,29.06,5.41,9.53,0.95,16.1
iShares Germany Govt Bond EUR Dist GBP,SDEU,GBP,IE00B5V94313,SDEU,26/04/2010,TRUE,0.2,0.2,SDEU,TRUE,119.54,GBP,EUR Government Bond,3,-0.64,Average,10.87,-0.64,-0.28,-0.78,-0.15,0.37,-4.65,5.41,4.45,-,-,4.9
iShares Global AAA-AA Govt Bond USD Dist GBP,SAAA,USD,IE00B87G8S03,IAAA,06/03/2012,TRUE,0.2,0.2,SAAA,FALSE,70.67,GBP,Global Bond,2,-0.18,Average,10.1,-0.18,-0.25,-0.56,-0.3,0.65,-3.63,6.66,5.99,-,-,-
iShares Global Clean Energy GBP,INRG,USD,IE00B1XNHC34,DNRG,27/09/2004,TRUE,0.65,0.65,INRG,FALSE,3.99,GBP,Sector Equity Alternative Energy,2,6.09,Above Average,21.53,6.09,-0.51,-0.8,-2.81,4.4,-4.46,8.04,0.55,4.12,-,9.8
iShares Global Corp Bond USD Dist GBP,CRPS,USD,IE00B7J7TB45,CORP,27/09/2004,TRUE,0.2,0.2,CRPS,FALSE,76.09,GBP,Global Corporate Bond,3,-0.87,Below Average,10.05,-0.87,-0.2,-0.39,-2.14,-0.7,-1.12,11.26,7.87,-,-,-
iShares Global Govt Bond USD Dist GBP,SGLO,GBP,IE00B3F81K65,SGLO,12/05/2008,TRUE,0.2,0.2,SGLO,TRUE,83.88,GBP,Global Bond,3,-0.21,Average,11.54,-0.21,-0.36,-0.52,-0.08,0.41,-4.18,7.79,7.85,2.78,-,8.1
iShares Global Hi Yld Corp Bd GBP H Dist,GHYS,GBP,IE00B8KQFS66,GHYS,06/03/2012,TRUE,0.55,0.55,GHYS,TRUE,103.04,GBP,Global High Yield Bond - GBP Hedged,3,1.78,Average,5.62,1.78,0.09,0.63,-0.34,1.2,3.07,12.31,3.36,-,-,-
iShares Global HY Corp Bd USD Dist GBP,IGHY,USD,IE00B74DQ490,HYLD,27/09/2004,TRUE,0.5,0.5,IGHY,FALSE,76.32,GBP,Global High Yield Bond,2,-1.5,Average,9.56,-1.5,-0.07,-0.05,-3.89,-1.29,1.77,19.05,5.57,-,-,-
iShares Global Infl Lnkd Govt Bd USD Acc GBP,SGIL,GBP,IE00B3B8PX14,SGIL,12/05/2008,TRUE,0.25,0.25,SGIL,TRUE,120.6,GBP,Global Inflation-Linked Bond,4,0.91,Average,10.17,0.91,-0.21,0.5,0.63,1.12,-1.02,14.98,10.7,5.78,-,8.7
iShares Global Infrastructure GBP,INFR,USD,IE00B1FZS467,IDIN,27/09/2004,TRUE,0.65,0.65,INFR,FALSE,20.04,GBP,Sector Equity Infrastructure,3,4.19,Below Average,13.73,4.19,0.34,-0.06,0.74,4.57,7.28,21.38,9.93,7.78,3.02,10.5
iShares Global Timber & Forestry GBP,WOOD,USD,IE00B27YCF74,DWOD,27/09/2004,TRUE,0.65,0.65,WOOD,FALSE,17.07,GBP,Sector Equity Natural Resources,5,5.37,Below Average,15.2,5.37,-0.2,0.12,-0.99,5.58,19.34,42.53,12.91,11.86,-,9.5
iShares Global Water GBP,IH2O,USD,IE00B1TXK627,DH2O,27/09/2004,TRUE,0.65,0.65,IH2O,FALSE,29.37,GBP,Sector Equity Water,4,7.29,Below Average,10.31,7.29,0.15,0.14,0.72,7.03,5.46,27.21,12.26,13.59,8.01,10.1
iShares Gold Producers USD Acc GBP,SPGP,GBX,IE00B6R52036,SPGP,26/04/2010,TRUE,0.55,0.55,SPGP,TRUE,7.88,GBP,Sector Equity Precious Metals,3,6.29,Average,46.93,6.29,-0.25,1.03,5.38,1.86,4.37,30.94,10.47,-7.65,-,5.6
iShares Italy Govt Bond EUR Dist GBP,SITB,GBP,IE00B7LW6Y90,SITB,26/04/2010,TRUE,0.2,0.2,SITB,TRUE,132.54,GBP,EUR Government Bond,4,-2.14,High,10.12,-2.14,-0.26,-1.12,-0.76,-0.7,-7.26,1.21,2.99,-,-,4.9
iShares JP Morgan $ EM Bond USD Dist GBP,SEMB,GBX,IE00B2NPKV68,SEMB,27/09/2004,TRUE,0.45,0.45,SEMB,TRUE,90.13,GBP,Global Emerging Markets Bond,4,1.32,Average,11.43,1.32,-0.16,-0.44,-1.31,1,-0.57,16.36,10.53,5.07,-,9.2
iShares Listed Private Equity GBP,IPRV,USD,IE00B1TXHL60,IDPE,27/09/2004,TRUE,0.75,0.75,IPRV,FALSE,15.3,GBP,Sector Equity Private Equity,4,6.32,Below Average,12.38,6.32,-0.34,0.81,-0.1,4.31,10.95,34.1,10.06,12.87,1.43,10.1
iShares MSCI AC Far East ex-Japan GBP,IFFF,USD,IE00B0M63730,IDFF,27/09/2004,TRUE,0.74,0.74,IFFF,FALSE,38.77,GBP,Asia ex Japan Equity,4,12.39,Average,15.28,12.39,0.03,-0.4,2.85,10.3,7.56,35.12,11.38,7.15,7.17,11.5
iShares MSCI AC FarEast ex-Jpn SmCap$Dit GBP,ISFE,USD,IE00B2QWDR12,IDFE,27/09/2004,TRUE,0.74,0.74,ISFE,FALSE,22.52,GBP,Asia ex-Japan Small/Mid-Cap Equity,2,10.99,Average,15.25,10.99,-0.07,0.33,2.73,9.81,4.61,24,6.89,6.45,-,8.9
iShares MSCI ACWI USD Acc GBP,SSAC,GBX,IE00B6R52259,SSAC,26/04/2010,TRUE,0.6,0.6,SSAC,TRUE,33.33,GBP,Global Large-Cap Blend Equity,4,5.38,Below Average,10.01,5.38,0.09,-0.45,-0.73,4.91,10.37,32.66,14.99,13.65,-,5.5
iShares MSCI Australia USD Acc GBP,SAUS,GBX,IE00B5377D42,SAUS,12/05/2008,TRUE,0.5,0.5,SAUS,TRUE,26.59,GBP,Australia & New Zealand Equity,4,9.37,Above Average,15.96,9.37,0.26,-1.06,1.51,7.02,13.42,44.56,9.77,9.45,-,7.3
iShares MSCI Brazil Dist GBP,IBZL,USD,IE00B0M63516,IDBZ,27/09/2004,TRUE,0.74,0.74,IBZL,FALSE,24.34,GBP,Brazil Equity,4,12.67,Above Average,36.28,12.67,0.55,0.39,-3.06,6.92,12.73,68.71,1.77,-5.41,2.11,11.4
iShares MSCI Canada USD Acc GBP,CSCA,USD,IE00B52SF786,CCAU,01/07/2013,TRUE,0.48,0.48,CSCA,FALSE,94.28,GBP,Canada Equity,3,0.7,Average,13.34,0.7,-0.07,-0.61,-1.3,-0.91,9.08,34.48,8.21,6.41,-,7.3
iShares MSCI Eastern Europe Capped GBP,IEER,USD,IE00B0M63953,IDEE,27/09/2004,TRUE,0.74,0.74,IEER,FALSE,17.69,GBP,Emerging Europe Equity,4,2.34,Above Average,20.99,2.34,1.04,1.07,0.86,1,16.9,40.38,4.18,-0.99,-0.98,11.4
iShares MSCI EM Asia USD Acc GBP,CEA1,GBX,IE00B5L8K969,CEA1,01/07/2013,TRUE,0.65,0.65,CEA1,TRUE,101.58,GBP,Asia ex Japan Equity,3,12.9,Average,15.13,12.9,0,-0.5,3.42,10.93,8,38.36,14.12,8.9,-,6.7
iShares MSCI EM Latin America Dist GBP,LTAM,USD,IE00B27YCK28,DLTM,27/09/2004,TRUE,0.74,0.74,LTAM,FALSE,14.04,GBP,Latin America Equity,3,14.01,Above Average,26.5,14.01,0.86,-0.07,0.93,11.74,12.87,45.84,2.46,-3.8,-,9.5
iShares MSCI EM Small Cap USD Dist GBP,SEMS,GBX,IE00B3F81G20,SEMS,12/05/2008,TRUE,0.74,0.74,SEMS,TRUE,53.21,GBP,Global Emerging Markets Small/Mid-Cap Equity,2,12.02,Below Average,15.06,12.02,-0.37,0.43,2.87,10.68,6.77,31.18,9.05,5.65,-,8.1
iShares MSCI Emerging Markets (Acc) GBP,SEMA,GBX,IE00B4L5YC18,SEMA,12/05/2008,TRUE,0.68,0.69,SEMA,TRUE,23.89,GBP,Global Emerging Markets Equity,3,11.26,Average,15.82,11.26,-0.08,-0.57,2.81,9.59,9.04,37.66,10.56,5.21,-,7.6
iShares MSCI Emerging Markets Dist GBP,IEEM,USD,IE00B0M63177,IDEM,27/09/2004,TRUE,0.75,0.75,IEEM,FALSE,30.16,GBP,Global Emerging Markets Equity,4,11.21,Average,15.57,11.21,-0.07,-0.66,2.38,9.64,8.55,35.78,8.31,3.22,5.09,11.4
iShares MSCI EMU Small Cap EUR Acc GBP,CES1,GBX,IE00B3VWMM18,CES1,01/07/2013,TRUE,0.58,0.58,CES1,TRUE,153.24,GBP,Eurozone Small-Cap Equity,4,9.06,Average,12.45,9.06,-0.06,-0.22,2.84,7.82,9.97,29.06,11.35,17.75,-,7.8
iShares MSCI Europe Dist GBP,IMEU,GBX,IE00B1YZSC51,IMEU,27/09/2004,TRUE,0.35,0.35,IMEU,TRUE,20.35,GBP,Europe Large-Cap Blend Equity,4,5.54,Average,10.53,5.54,-0.2,-0.83,0.69,4.52,7.69,23.72,4.93,8.31,-,9.8
iShares MSCI Europe EUR Acc GBP,SMEA,GBX,IE00B4K48X80,SMEA,12/05/2008,TRUE,0.33,0.33,SMEA,TRUE,40.61,GBP,Europe Large-Cap Blend Equity,4,5.65,Average,10.54,5.65,-0.22,-0.78,0.74,4.54,8.38,27.31,7.86,11.37,-,7.6
iShares MSCI Europe ex-UK EUR Dist GBP,IEUX,GBX,IE00B14X4N27,IEUX,27/09/2004,TRUE,0.4,0.4,IEUX,TRUE,26.55,GBP,Europe ex-UK Large-Cap Equity,3,6.5,Average,11.22,6.5,-0.38,-0.91,1.12,5.36,9.3,25.41,6.02,10.24,2.58,10.8
iShares MSCI Europe SRI EUR Acc GBP,IESG,GBX,IE00B52VJ196,IESG,27/09/2004,TRUE,0.45,0.3,IESG,TRUE,33.44,GBP,Europe Large-Cap Blend Equity,3,6.58,Above Average,10.57,6.58,-0.19,-0.39,1.83,5.91,6.55,26.41,7.21,11.65,-,6.2
iShares MSCI GCC ex-Saudi Arabia GBP,SGCC,GBX,IE00B3F81623,SGCC,12/05/2008,TRUE,0.8,0.8,SGCC,TRUE,30.05,GBP,Other Africa & Middle East Equity,Not Rated,4.74,-,20.52,4.74,1.03,2.45,0.28,3.82,10.68,23.28,0.12,6.84,-,8.1
iShares MSCI Japan GBP Hedged Acc,IJPN,USD,IE00B02KXH56,IJPU,27/09/2004,TRUE,0.59,0.59,IJPN,FALSE,51.13,GBP,Japan Equity - Currency Hedged,Not Rated,-0.16,-,17.62,-0.16,0.25,-1.35,-2.69,-1.96,11.42,19.1,6.64,-,-,-
iShares MSCI Japan Small Cap USD Dist GBP,IJPH,GBP,IE00B7XYN974,IJPH,26/04/2010,TRUE,0.64,0.64,IJPH,TRUE,28.91,GBP,Japan Small/Mid-Cap Equity,2,4.26,Low,11.66,4.26,-0.45,-2.66,-0.96,2.9,6.05,35.37,19.24,13.96,-,8.9
iShares MSCI Japan USD Acc GBP,ISJP,USD,IE00B2QWDY88,IDJP,12/05/2008,TRUE,0.58,0.58,ISJP,FALSE,105.42,GBP,Japan Large-Cap Equity,3,3.57,Average,12.64,3.57,-0.41,-1.97,-1.44,1.38,6.42,36.5,16,12.22,-,7.3
iShares MSCI Japan USD Dist GBP,CSJP,USD,IE00B53QDK08,CJPU,01/07/2013,TRUE,0.48,0.48,CSJP,FALSE,10.39,GBP,Japan Large-Cap Equity,3,2.82,Below Average,12.03,2.82,-0.46,-2.01,-1.47,0.68,5.58,34.52,14.28,10.65,3.44,12.5
iShares MSCI Korea Dist GBP,IKOR,USD,IE00B0M63391,IDKO,27/09/2004,TRUE,0.74,0.74,IKOR,FALSE,32.5,GBP,Korea Equity,4,12.53,Above Average,17.44,12.53,-0.45,-1.96,4.5,11.3,10.89,40,10.37,6.16,7.1,11.4
iShares MSCI Korea USD Acc GBP,CKR1,GBX,IE00B5W4TY14,CKR1,01/07/2013,TRUE,0.65,0.65,CKR1,TRUE,112.47,GBP,Korea Equity,4,13.21,Above Average,17.23,13.21,-0.43,-2.06,5.06,12.06,11.6,40.86,10.83,6.66,-,6.7
iShares MSCI Mexico Capped USD Acc GBP,CMX1,GBX,IE00B5WHFQ43,CMX1,01/07/2013,TRUE,0.65,0.65,CMX1,TRUE,95.79,GBP,Other Americas Equity,Not Rated,15.4,-,17.86,15.4,0.36,-0.08,6.42,19.69,8.43,15.86,5.2,2.82,-,6.7
iShares MSCI North America GBP,INAA,USD,IE00B14X4M10,IDNA,27/09/2004,TRUE,0.4,0.4,INAA,FALSE,35.9,GBP,US Large-Cap Blend Equity,4,3.73,Average,10.3,3.73,0.32,0.03,-2.23,4.07,11.87,31.48,17.72,15.56,9.71,10.8
iShares MSCI Pacific ex-Japan USD Dist GBP,SPXJ,GBX,IE00B4WXJD03,SPXJ,12/05/2008,TRUE,0.6,0.6,SPXJ,TRUE,34.59,GBP,Asia-Pacific ex-Japan Equity,3,10.11,Above Average,14.94,10.11,0.16,-0.49,1.63,7.67,8.89,35.51,7.61,6.58,-,8
iShares MSCI Poland USD Acc GBP,SPOL,GBX,IE00B4M7GH52,SPOL,26/04/2010,TRUE,0.74,0.74,SPOL,TRUE,15.2,GBP,Poland Equity,2,20.04,High,20.26,20.04,0.61,0.21,0.93,16.83,24.34,25.7,0.05,4.51,-,6.3
iShares MSCI Russia ADR/GDR USD Acc GBP,CRU1,GBX,IE00B5V87390,CRU1,01/07/2013,TRUE,0.65,0.65,CRU1,TRUE,73.97,GBP,Russia Equity,2,-3.81,Average,28.67,-3.81,1.05,1.64,1.91,-3.87,15.84,55.16,7.92,-0.55,-,6.7
iShares MSCI South Africa USD Acc GBP,SRSA,GBX,IE00B52XQP83,SRSA,12/05/2008,TRUE,0.65,0.65,SRSA,TRUE,24.33,GBP,South Africa & Namibia Equity,3,2.1,Above Average,22.35,2.1,-2.11,-7.08,-4.51,2.38,1.02,25.43,6.12,3.71,-,7.3
iShares MSCI Taiwan USD Dist GBP,ITWN,USD,IE00B0M63623,IDTW,27/09/2004,TRUE,0.74,0.74,ITWN,FALSE,33.32,GBP,Taiwan Large-Cap Equity,3,12.42,Average,17.19,12.42,0.94,-0.09,3.87,10.57,11.92,41.22,14.86,10.14,6.77,11.5
iShares MSCI Turkey GBP,ITKY,USD,IE00B1FZS574,IDTK,27/09/2004,TRUE,0.74,0.74,ITKY,FALSE,18.33,GBP,Turkey Equity,4,8.46,Average,25.18,8.46,-0.69,-1.23,-1.12,15.22,-3.74,-7.62,-3.09,-2.36,0.28,10.4
iShares MSCI UK Small Cap GBP Acc GBP,CUKS,GBX,IE00B3VWLG82,CUKS,01/07/2013,TRUE,0.58,0.58,CUKS,TRUE,191.83,GBP,UK Small-Cap Equity,3,5.93,Average,11,5.93,0.47,0.93,1.25,4.55,4.94,16.09,7.4,14.09,-,7.8
iShares MSCI USA Small Cap USD Acc GBP,CUS1,GBX,IE00B3VWM098,CUS1,01/07/2013,TRUE,0.43,0.43,CUS1,TRUE,223.49,GBP,US Small-Cap Equity,4,0.31,Below Average,13.05,0.31,-0.43,-0.43,-3.31,0.66,12,38.64,17.48,17.78,-,7.8
iShares MSCI World GBP Hedged Acc,IGWD,GBX,IE00B42YS929,IGWD,26/04/2010,TRUE,0.55,0.55,IGWD,TRUE,47.24,GBP,Global Large-Cap Blend Equity,2,4.89,High,10.62,4.89,0.29,0.19,0.11,3.97,9.89,18.56,7.6,11.3,-,6.6
iShares MSCI World USD Dist GBP,IWRD,USD,IE00B0M62Q58,IDWR,27/09/2004,TRUE,0.5,0.5,IWRD,FALSE,31.65,GBP,Global Large-Cap Blend Equity,5,4.37,Below Average,9.59,4.37,0.09,-0.38,-1.43,3.99,10.22,29.98,13.55,12.81,6.69,11.5
iShares NASDAQ 100 USD Acc GBP,CNX1,GBX,IE00B53SZB19,CNX1,01/07/2013,TRUE,0.33,0.33,CNX1,TRUE,241.81,GBP,US Large-Cap Growth Equity,5,9.6,Above Average,13.12,9.6,0.43,0.44,0.27,10.06,14.78,39.05,27.54,21.19,-,7.3
iShares Nikkei 225 JPY Acc GBP,CNKY,GBX,IE00B52MJD48,CNKY,01/07/2013,TRUE,0.48,0.48,CNKY,TRUE,125.18,GBP,Japan Large-Cap Equity,5,3.48,Average,12.18,3.48,-0.28,-1.68,-1.41,1.41,7.03,38.28,17.17,14.06,-,7.3
iShares Oil & Gas Explor&Prodtn USD Acc GBP,SPOG,GBX,IE00B6R51Z18,SPOG,26/04/2010,TRUE,0.55,0.55,SPOG,TRUE,14.58,GBP,Sector Equity Natural Resources,2,-7.45,Above Average,25.82,-7.45,0.71,1.44,-1.04,-7.65,-1.09,44.34,-6.31,-2.33,-,5.6
iShares Physical Gold ETC GBP,SGLN,GBX,IE00B4ND3602,SGLN,11/04/2011,FALSE,0.25,-,SGLN,TRUE,19.73,GBP,Commodities - Precious Metals,Not Rated,6.26,-,19.82,6.26,-0.83,-0.73,0.14,5.07,0.6,14.95,8.12,-0.8,-,6
iShares Physical Palladium ETC GBP,SPDM,GBX,IE00B4556L06,SPDM,11/04/2011,FALSE,0.4,-,SPDM,TRUE,19.1,GBP,Commodities - Precious Metals,Not Rated,18.54,-,33.63,18.54,0.37,2.41,4.43,9.91,22.14,68.47,10.66,9.57,-,6
iShares Physical Platinum ETC GBP,SPLT,GBX,IE00B4LHWP62,SPLT,11/04/2011,FALSE,0.4,-,SPLT,TRUE,11.28,GBP,Commodities - Precious Metals,Not Rated,4.61,-,23.32,4.61,-0.31,0.31,-4.31,-1.87,0.56,13.82,-4.55,-5.68,-,6
iShares Physical Silver ETC GBP,SSLN,GBX,IE00B4NCWG09,SSLN,11/04/2011,FALSE,0.4,-,SSLN,TRUE,14.27,GBP,Commodities - Precious Metals,Not Rated,10.8,-,26.95,10.8,-0.7,-0.28,1.17,8.93,5.2,35.99,5.96,-6.48,-,6
iShares S&P 500 GBP Hedged Acc,IGUS,GBX,IE00B3Y8X563,IGUS,26/04/2010,TRUE,0.45,0.45,IGUS,TRUE,55.25,GBP,US Equity - Currency Hedged,Not Rated,5.22,-,11.17,5.22,0.56,0.45,-0.27,4.75,9.79,16.27,8.87,12.29,-,6.6
iShares S&P 500 USD (Dist) GBP,IUSA,USD,IE0031442068,IDUS,27/09/2004,TRUE,0.4,0.4,IUSA,FALSE,18.91,GBP,US Large-Cap Blend Equity,5,3.79,Below Average,10.52,3.79,0.29,0.07,-2.31,4.24,12.19,31.18,18.65,16.47,9.98,15.1
iShares S&P Small Cap 600 USD Dist GBP,ISP6,USD,IE00B2QWCY14,IDP6,12/05/2008,TRUE,0.4,0.4,ISP6,FALSE,44.21,GBP,US Small-Cap Equity,5,-3.47,Average,13.93,-3.47,-0.69,-1.14,-4.03,-2.73,11.75,38.55,17.71,17.82,-,8.9
iShares Spain Govt Bond EUR Dist GBP,SESP,GBP,IE00B428Z604,SESP,26/04/2010,TRUE,0.2,0.2,SESP,TRUE,137.53,GBP,EUR Government Bond,5,-1.05,Above Average,10.54,-1.05,-0.31,-1.07,-0.15,0.41,-5.73,5.98,3.98,-,-,4.9
iShares STOXX Europe 50 GBP,EUN,GBX,IE0008470928,EUN,27/09/2004,TRUE,0.35,0.35,EUN,TRUE,27.58,GBP,Europe Large-Cap Blend Equity,3,5.82,Average,11.19,5.82,-0.19,-0.94,0.88,4.3,7.79,24.09,3.83,6.43,0.68,17
iShares UK Dividend GBP Dist,IUKD,GBX,IE00B0M63060,IUKD,27/09/2004,TRUE,0.4,0.4,IUKD,TRUE,9.33,GBP,UK Equity Income,2,4.72,High,9.53,4.72,0.36,0.54,1.21,2.79,3.48,15.98,6.1,10.73,1.52,11.4
iShares UK Gilts 0-5yr GBP Dist,IGLS,GBP,IE00B4WXJK79,IGLS,12/05/2008,TRUE,0.2,0.2,IGLS,TRUE,134.04,GBP,GBP Government Bond,1,0.2,Low,1.48,0.2,-0.03,0.09,-0.01,0.41,-0.03,1.08,1.87,1.23,-,8
iShares UK Property GBP Dist,IUKP,GBX,IE00B1TXLS18,IUKP,27/09/2004,TRUE,0.4,0.4,IUKP,TRUE,5.97,GBP,Property - Indirect Other,Not Rated,2.87,-,15.18,2.87,0.91,1.73,0.78,2.89,3.83,0.78,5.14,12.46,-2.76,10.1
iShares US Aggregate Bond USD Dist GBP,SUAG,GBP,IE00B44CGS96,SUAG,27/09/2004,TRUE,0.25,0.25,SUAG,TRUE,83.5,GBP,USD Diversified Bond,3,-0.13,Average,11.47,-0.13,-0.23,-0.23,-0.94,0.12,-0.27,11.54,10.87,5.38,-,5.6
iShares US Property Yield GBP,IUSP,USD,IE00B1FZSF77,IDUP,27/09/2004,TRUE,0.4,0.4,IUSP,FALSE,22.88,GBP,Property - Indirect North America,4,-0.33,Above Average,18.21,-0.33,-0.11,1.63,-1.77,-2.06,2.44,12.28,15.67,10.74,4.29,10.4
Lyxor Australia (S&P/ASX 200) ETF D USD GBP,LAUS,GBX,LU0496787036,LAUS,06/11/2009,TRUE,0.4,0.4,LAUS,TRUE,18.92,GBP,Australia & New Zealand Equity,3,8.74,Average,15.34,8.74,0.21,-1.11,1.49,6.41,9.62,35.71,5.57,5.35,-,7.1
Lyxor Brazil (Ibovespa) ETF C-USD GBP,RIOL,USD,FR0010413294,RIOU,15/11/2012,TRUE,0.65,0.65,RIOL,FALSE,15.25,GBP,Brazil Equity,2,12.64,High,36.98,12.64,0.53,0.79,-1.52,8.82,15.91,76.55,5.73,-,-,10.3
Lyxor China Enterprise (HSCEI) ETF C-USD GBP,ASIL,USD,FR0010581413,ASIU,15/11/2012,TRUE,0.65,0.65,ASIL,FALSE,118.01,GBP,China Equity,2,8.85,High,21.83,8.85,-0.3,-1.26,-0.21,6.67,7.08,38.7,12.94,-,-,11.8
Lyxor Comd Thm R/C CRB exEngTR ETF C-$ GBP,CRNL,USD,FR0010358887,CRNO,15/11/2012,TRUE,0.35,0.35,CRNL,FALSE,16.26,GBP,Commodities - Broad Basket,Not Rated,-0.25,-,12.32,-0.25,0.18,-1.47,-3.86,-1.84,1.61,20.23,1.81,-,-,10.7
Lyxor Commodit Thm R/C CRB TR ETF C-USD GBP,CRBL,USD,FR0010318998,CRBU,15/11/2012,TRUE,0.35,0.35,CRBL,FALSE,13.74,GBP,Commodities - Broad Basket,Not Rated,-4.78,-,14.47,-4.78,0.19,0.26,-3.29,-3.86,0.81,27.36,-7.14,-,-,11.3
Lyxor East Eurp CECE NTR EUR ETF C GBP,CECL,USD,FR0010204073,CECD,15/11/2012,TRUE,0.5,0.5,CECL,FALSE,16.68,GBP,Emerging Europe ex-Russia Equity,2,12.95,High,18.09,12.95,0.42,-0.21,0.14,9.61,18.24,27.8,2.43,-,-,11.8
Lyxor ETF Dow Jones Industr Avrg D A/I GBP,DJEL,USD,FR0007056841,DJEU,15/11/2012,TRUE,0.5,0.5,DJEL,FALSE,167.16,GBP,US Large-Cap Blend Equity,4,3.9,Below Average,11.25,3.9,0.39,0.35,-2.52,4.74,16.15,32.85,18.24,-,-,13.3
Lyxor Euro Stoxx 50 (DR) ETF C EUR GBP,MSED,GBX,LU0908501215,MSED,22/05/2013,TRUE,0.2,0.2,MSED,TRUE,130.91,GBP,Eurozone Large-Cap Equity,3,6.28,Above Average,13.24,6.28,-0.48,-1.23,1.41,5.46,12.51,32.03,7.36,-,-,4
Lyxor FTSE 100 ETF C-GBP,L100,GBX,FR0010438127,L100,15/05/2007,TRUE,0.15,0.15,L100,TRUE,9.59,GBP,UK Large-Cap Blend Equity,3,4.14,Above Average,9.51,4.14,0.23,-0.42,-0.22,3.13,6.24,25.31,7,8.97,-,9.9
Lyxor FTSE 250 ETF A/I,L250,GBX,FR0010438135,L250,15/05/2007,TRUE,0.35,0.35,L250,TRUE,22.81,GBP,UK Mid-Cap Equity,4,6.02,Below Average,9.52,6.02,0.32,0.67,1.23,4.59,5.58,16.87,7.64,13.61,-,9.9
Lyxor FTSE All Share ETF A/I,LFAS,GBX,FR0010438150,LFAS,15/05/2007,TRUE,0.4,0.4,LFAS,TRUE,5.09,GBP,UK Large-Cap Blend Equity,3,4.6,Below Average,8.97,4.6,0.27,-0.12,0.17,3.45,6.17,23.41,6.95,9.52,-,9.9
Lyxor Japan TOPIX DR ETF D-EUR A/I GBP,JPNL,USD,FR0010245514,JPNU,15/11/2012,TRUE,0.45,0.45,JPNL,FALSE,106.15,GBP,Japan Large-Cap Equity,4,4.11,Below Average,11.82,4.11,-0.36,-2.03,-1.32,1.98,5.95,34.86,14.87,-,-,11.4
Lyxor JPX-Nikkei 400 DR ETF C-EUR GBP,JPXG,GBX,FR0012144582,JPXG,15/05/2007,TRUE,0.25,0.25,JPXG,TRUE,119.25,GBP,Japan Large-Cap Equity,Not Rated,4.05,-,-,4.05,-0.32,-1.9,-1.41,1.87,7.1,37,-,-,-,2.6
Lyxor Kuwait FTSE Coast Kuwait40 ETF A/I GBP,LKUW,GBX,FR0010614834,LKUW,15/05/2007,TRUE,0.65,0.65,LKUW,TRUE,15.71,GBP,Other Africa & Middle East Equity,Not Rated,12.19,-,14.6,12.19,1.01,2.48,-0.1,11.38,26.39,36.43,0.61,2.91,-,8.8
Lyxor MSCI AC AsiaPac ex Jap ETF C-USD GBP,AEJL,GBX,FR0010581439,AEJL,15/11/2012,TRUE,0.6,0.6,AEJL,TRUE,42.9,GBP,Asia-Pacific ex-Japan Equity,3,12.06,Average,14.53,12.06,0.07,-0.38,2.93,10.02,8.79,38.55,12.63,-,-,11
Lyxor MSCI All Country World ETF C-USD GBP,ACWL,GBX,FR0011093418,ACWL,15/05/2007,TRUE,0.45,0.45,ACWL,TRUE,136.01,GBP,Global Large-Cap Blend Equity,4,5.42,Below Average,9.74,5.42,0.1,-0.4,-0.7,4.92,10.76,32.91,15.14,-,-,5.6
Lyxor MSCI EM Latin America ETF C-USD GBP,LTML,USD,FR0010413310,LTMU,15/11/2012,TRUE,0.65,0.65,LTML,FALSE,23.43,GBP,Latin America Equity,2,13.04,Above Average,25.64,13.04,0.49,0.44,1.54,11.68,13.46,48.59,4.71,-,-,9.8
Lyxor MSCI Emerging Markets ETF C-USD GBP,LEML,USD,FR0010435297,LEMD,15/11/2012,TRUE,0.55,0.55,LEML,FALSE,8.38,GBP,Global Emerging Markets Equity,3,11.37,Average,16.06,11.37,-0.06,-0.67,2.67,9.69,9.01,37.92,10.29,-,-,9.8
Lyxor MSCI India ETF C-USD GBP,INRL,USD,FR0010375766,INRU,15/11/2012,TRUE,0.85,0.85,INRL,FALSE,13.88,GBP,India Equity,2,17.1,Average,18.16,17.1,0.16,0.63,4.96,15.72,8.73,36.45,16.56,-,-,10.4
Lyxor MSCI Indonesia ETF C-USD GBP,INDL,GBX,FR0011070374,INDL,15/05/2007,TRUE,0.55,0.55,INDL,TRUE,74.39,GBP,Indonesia Equity,4,7.57,Average,24.4,7.57,-0.36,0.81,5.53,6.9,2.3,29.78,10.22,-,-,5.8
Lyxor MSCI Korea ETF C-USD GBP,KRWL,GBX,FR0010581447,KRWL,15/11/2012,TRUE,0.65,0.65,KRWL,TRUE,45.62,GBP,Korea Equity,3,13.23,Above Average,17.21,13.23,-0.48,-2.02,5.04,12.07,11.66,40.02,10.47,-,-,10.6
Lyxor MSCI Malaysia ETF USD A/I GBP,MALL,GBX,FR0010589069,MALL,15/11/2012,TRUE,0.65,0.65,MALL,TRUE,6.14,GBP,Other Asia-Pacific Equity,Not Rated,7.43,-,18.63,7.43,-0.32,-1.01,1.26,6.27,1.28,4.87,-1.13,-,-,9.1
Lyxor MSCI Taiwan ETF C-USD GBP,TWND,GBX,FR0010444794,TWNL,15/11/2012,TRUE,0.65,0.65,TWND,FALSE,10.84,GBP,Taiwan Large-Cap Equity,3,12.56,Average,16.21,12.56,0.72,-0.12,4.03,10.66,12.16,45.95,17.94,-,-,10.1
Lyxor MSCI USA ETF D-USD A/I GBP,USAL,USD,FR0010372193,USAU,15/11/2012,TRUE,0.25,0.28,USAL,FALSE,182.53,GBP,US Large-Cap Blend Equity,5,4.39,Below Average,10.52,4.39,0.35,0.09,-1.9,4.79,12.13,31.1,18.39,-,-,11.1
Lyxor MSCI World Cnsmr Discret TR ETF C$ GBP,DISG,GBX,LU0533032180,DISG,06/11/2009,TRUE,0.4,0.4,DISG,TRUE,207.82,GBP,Sector Equity Consumer Goods & Services,5,4.72,Below Average,10.32,4.72,-0.16,-0.68,-0.13,4.61,10.49,28.55,17.06,17.47,-,6.7
Lyxor MSCI World CnsmrStapl TR ETF C USD GBP,STAG,GBX,LU0533032347,STAG,06/11/2009,FALSE,0.4,0.4,STAG,TRUE,247.05,GBP,Sector Equity Consumer Goods & Services,4,5.57,Low,12.2,5.57,0.15,-0.67,-0.23,5.93,4.7,18.28,17.52,15.07,-,6.7
Lyxor MSCI World Energy TR ETF C USD GBP,NRGG,GBX,LU0533032776,NRGG,06/11/2009,FALSE,0.4,0.4,NRGG,TRUE,241.34,GBP,Sector Equity Energy,4,-5.64,Below Average,16.85,-5.64,0.65,0.39,-1.89,-5.51,3.91,35.11,1.62,3.85,-,6.7
Lyxor MSCI World ETF D-USD A/I GBP,WLDL,USD,FR0010372201,WLDD,15/11/2012,TRUE,0.45,0.45,WLDL,FALSE,147.85,GBP,Global Large-Cap Blend Equity,5,4.74,Below Average,9.6,4.74,0.12,-0.37,-1.1,4.37,10.11,29.26,13.19,-,-,10.9
Lyxor MSCI World Financials TR ETF C USD GBP,FING,GBX,LU0533033071,FING,06/11/2009,TRUE,0.4,0.4,FING,TRUE,130.97,GBP,Sector Equity Financial Services,5,2.71,Below Average,11.56,2.71,-0.17,-1.2,-3.84,1.47,19.99,44.65,14.48,15.68,-,6.7
Lyxor MSCI World Hlth Care TR ETF C USD GBP,HLTG,GBX,LU0533033311,HLTG,06/11/2009,TRUE,0.4,0.4,HLTG,TRUE,214.09,GBP,Sector Equity Healthcare,4,7.01,Below Average,13.11,7.01,0.12,-0.37,-1.88,5.72,5.32,22.21,16.65,19.02,-,6.7
Lyxor MSCI World Indtls TR ETF C USD GBP,INUG,GBX,LU0533033584,INUG,06/11/2009,TRUE,0.4,0.4,INUG,TRUE,238.99,GBP,Sector Equity Industrial Materials,5,5.4,Low,10.17,5.4,0.17,-0.06,-0.58,5.15,11.89,35.29,15.57,15.65,-,6.7
Lyxor MSCI World Info Tech TR ETF C USD GBP,TNOG,GBX,LU0533033741,TNOG,06/11/2009,TRUE,0.4,0.4,TNOG,TRUE,161.22,GBP,Sector Equity Technology,4,9.73,Below Average,13.38,9.73,0.39,0.02,0.39,10.43,14.97,41.36,25.49,18.34,-,6.7
Lyxor MSCI World Materials TR ETF C USD GBP,MATG,GBX,LU0533034046,MATG,06/11/2009,TRUE,0.4,0.4,MATG,TRUE,261.44,GBP,Sector Equity Industrial Materials,3,5.76,Average,15.53,5.76,0.31,0.09,-0.45,5,13.79,46.3,10.48,7.09,-,6.7
Lyxor MSCI World Telecom Svcs TR ETF C$ GBP,TELG,GBX,LU0533034392,TELG,06/11/2009,TRUE,0.4,0.4,TELG,TRUE,94.31,GBP,Sector Equity Communications,4,-0.34,Low,11.72,-0.34,0.02,-0.86,-0.91,-1.77,3.81,15.32,12.5,13.57,-,6.7
Lyxor MSCI World Utilities TR ETF C USD GBP,UTIG,GBX,LU0533034632,UTIG,06/11/2009,TRUE,0.4,0.4,UTIG,TRUE,166.69,GBP,Sector Equity Utilities,4,5.05,Below Average,14.73,5.05,0.29,-0.25,0.59,6.04,9.33,20.53,13.82,11.73,-,6.7
Lyxor Nasdaq-100 ETF D-USD A/I GBP,UST,GBX,FR0010446930,USTL,15/11/2012,TRUE,0.3,0.3,UST,FALSE,17.29,GBP,US Large-Cap Growth Equity,5,9.64,Above Average,12.47,9.64,0.48,0.46,0.29,10.13,14.9,37.41,26.07,-,-,15.3
Lyxor Russell 2000 ETF C-USD GBP,RU2K,GBX,FR0011119254,RU2K,15/11/2012,TRUE,0.4,0.4,RU2K,TRUE,153.24,GBP,US Small-Cap Equity,3,-1.08,Above Average,14.69,-1.08,-0.69,-0.78,-3.33,-0.43,12.3,42.02,17.36,-,-,5.5
Lyxor Russia (DJ Russia GDR) ETF D-GBP,RUSL,USD,FR0011495944,RUSU,15/11/2012,TRUE,0.65,0.65,RUSL,FALSE,17.3,GBP,Russia Equity,2,-4.74,Average,28.43,-4.74,1.21,2.09,1.66,-4.79,13.55,52.86,7.05,-,-,10.8
Lyxor SG European Qual Inc NTR ETF D EUR GBP,SGQG,GBX,LU0959210278,SGQG,06/11/2009,TRUE,0.45,0.45,SGQG,TRUE,93.87,GBP,Europe Large-Cap Blend Equity,3,4.35,Low,9.43,4.35,-0.45,-0.85,0.26,4.18,1.49,6.24,1.93,-,-,3.7
Lyxor SG Global Qual Inc NTR ETF C GBP,SGQL,USD,LU0855692520,SGQD,06/11/2009,TRUE,0.45,0.45,SGQL,FALSE,162.49,GBP,Global Equity Income,3,4.2,Below Average,10.09,4.2,-0.15,-0.54,0.45,3.62,7.45,21.37,12.54,-,-,4.6
Lyxor SG Global Qual Inc NTR ETF D GBP,SGQP,GBX,LU0855671011,SGQP,06/11/2009,TRUE,0.45,0.45,SGQP,TRUE,129.15,GBP,Global Equity Income,3,4.21,Below Average,9.23,4.21,-0.14,-0.54,0.47,3.63,7.44,21.31,12.48,-,-,4.6
Lyxor South Afr (FTSEJSE Top40) ETF CEUR GBP,AFSL,USD,FR0010464446,AFSU,15/11/2012,TRUE,0.65,0.65,AFSL,FALSE,28.9,GBP,South Africa & Namibia Equity,2,4.09,Above Average,17.03,4.09,-1.25,-4.76,-2.71,4.5,3.98,26.65,3.94,-,-,9.8
Lyxor Stoxx Europe 600 (DR) ETF C EUR GBP,MEUD,GBX,LU0908500753,MEUD,22/05/2013,TRUE,0.3,0.3,MEUD,TRUE,122.25,GBP,Europe Large-Cap Blend Equity,4,6.08,Average,10.46,6.08,-0.2,-0.76,0.87,5.09,8.69,26.88,8.11,-,-,4
Lyxor Thailand (SET50 Net TR) ETF C-USD GBP,THA,GBX,FR0011070440,THAG,15/05/2007,TRUE,0.45,0.45,THA,FALSE,107.46,GBP,Thailand Equity,3,6.88,Above Average,15.64,6.88,-0.73,-0.54,2.41,5.39,8.63,36.17,12.09,-,-,5.8
Lyxor Turkey DJ Turkey Titans 20 ETF A/I GBP,TURL,GBX,FR0010326256,TURL,15/11/2012,TRUE,0.65,0.65,TURL,TRUE,34.72,GBP,Turkey Equity,3,8.72,Average,25.57,8.72,-0.63,-0.87,-0.93,15.29,-1.78,-3.72,-1.04,-,-,10.7
Lyxor World Water ETF D-EUR A/I GBP,WATL,GBX,FR0010527275,WATL,15/11/2012,TRUE,0.6,0.6,WATL,TRUE,31.21,GBP,Sector Equity Water,5,5.94,Average,10.8,5.94,0.05,-0.35,0.94,5.65,2.11,23.29,15.27,-,-,9.5
Market Access DAXglobal?Asia ETF GBP,ASDX,GBP,LU0259323235,ASDX,25/01/2011,TRUE,0.25,0.65,,FALSE,32.64,GBP,Asia ex Japan Equity,Not Rated,-2.01,-,15.36,-2.01,2,3.5,5.15,-3.37,5.34,-16.62,-1.22,1.87,-,9.8
Market Access DAXglobal?BRIC ETF GBP,BRDX,GBP,LU0269999792,BRDX,25/01/2011,TRUE,0.25,0.65,,FALSE,28.17,GBP,BRIC Equity,Not Rated,-1.74,-,15.31,-1.74,1.83,4.37,6.65,-6.29,-0.27,-18.81,-9.17,-7.47,-,9.8
Market Access NYSE Arca GoldBugs ETF GBP,GOLB,GBP,LU0259322260,GOLB,25/01/2011,TRUE,0.25,0.65,,FALSE,49.24,GBP,Sector Equity Precious Metals,Not Rated,56.59,-,41.52,56.59,-1.35,7.52,42.52,60.94,69.62,-5.23,-21.03,-19.16,-,10.3
Ossiam FTSE 100 Minimum Var ETF 1C GBP,UKMV,GBX,LU0705291739,UKMV,12/07/2011,TRUE,0.45,0.45,UKMV,TRUE,178.02,GBP,UK Large-Cap Blend Equity,4,5.03,Average,10,5.03,0.11,0.1,0.93,4.13,0.15,8.62,7.15,10.46,-,5.3
Ossiam iSTOXX?EurMiniVar NR ETF 1C GBP,LEMV,GBX,LU0599612842,LEMV,12/07/2011,TRUE,0.65,0.65,LEMV,TRUE,139.35,GBP,Europe Large-Cap Blend Equity,4,5.45,Low,11.04,5.45,-0.35,-0.41,0.92,4.98,1.63,14.35,7.91,11.35,-,5.8
Ossiam STOXX?Eur600 EqWg NR ETF 1C GBP,L6EW,GBX,LU0599613147,L6EW,12/07/2011,TRUE,0.35,0.35,L6EW,TRUE,71.66,GBP,Europe Large-Cap Blend Equity,5,6.84,Above Average,10.43,6.84,-0.07,-0.24,1.52,5.85,9.42,25.8,8.79,13.41,-,5.9
PIMCO ST HY Corp Bd Sour ETF Inc GBP,SSHY,GBP,IE00B7N3YW49,SSHY,24/02/2011,TRUE,2.5,0.55,SSHY,TRUE,82.17,GBP,USD High Yield Bond,4,-0.63,Below Average,9.09,-0.63,-0.08,0.06,-2.27,-0.29,4.06,23.79,8.29,-,-,1.3
PIMCO Sterling Short Maturity Source ETF,QUID,GBP,IE00B622SG73,QUID,24/02/2011,TRUE,2.5,0.35,QUID,TRUE,101.76,GBP,GBP Diversified Bond - Short Term,3,0.17,Low,0.25,0.17,0,0,0.01,0.16,0.38,1.23,0.85,0.85,-,5.8
PowerShares Dynamic US Market ETF GBP,PSWC,USD,IE00B23D9240,PSWU,02/08/2005,TRUE,0.75,0.75,PSWC,FALSE,12.75,GBP,US Large-Cap Blend Equity,4,0.26,Above Average,12.38,0.26,-0.06,-0.74,-2.26,2.2,12.36,31.98,15.52,17.65,-,9.4
PowerShares EQQQ Nasdaq-100 ETF GBP,EQQQ,USD,IE0032077012,EQQU,02/08/2005,TRUE,0.3,0.3,EQQQ,FALSE,107.28,GBP,US Large-Cap Growth Equity,5,9.44,Above Average,13.22,9.44,0.43,0.31,0.14,9.95,14.41,37.99,26.58,20.18,16.92,14.4
PowerShares FTSE RAFI All-World 3000 ETF GBP,PSRW,GBX,IE00B23LNQ02,PSRW,02/08/2005,TRUE,0.39,0.39,PSRW,TRUE,14.54,GBP,Global Flex-Cap Equity,4,2.7,Below Average,11.21,2.7,0.07,-1.16,-2.32,2.18,10.98,34.33,11.15,11.44,-,9.3
PowerShares FTSE RAFI Emerging Mkts ETF GBP,PSRM,GBX,IE00B23D9570,PSRM,02/08/2005,TRUE,0.49,0.49,PSRM,TRUE,6.61,GBP,Global Emerging Markets Equity,3,7.7,High,21.49,7.7,-0.4,-0.41,-0.3,5.2,13.31,50.23,10.6,2.43,-,9.4
PowerShares FTSE RAFI Europe ETF GBP,PSRE,GBX,IE00B23D8X81,PSRE,02/08/2005,TRUE,0.39,0.39,PSRE,TRUE,8.05,GBP,Europe Large-Cap Value Equity,3,3.94,Average,12.06,3.94,-0.14,-1.39,-0.11,3.01,11.16,29.02,3.07,8.07,-,9.4
PowerShares FTSE RAFI Europe Md-Sm ETF GBP,PSES,GBX,IE00B23D8Y98,PSES,02/08/2005,TRUE,0.39,0.39,PSES,TRUE,12.47,GBP,Europe Mid-Cap Equity,3,5.99,Average,10.12,5.99,0.06,0.08,1.24,5.3,7.2,23.09,6.69,12.35,-,9.4
PowerShares FTSE RAFI UK 100 ETF,PSRU,GBX,IE00B23LNN70,PSRU,02/08/2005,TRUE,0.39,0.39,PSRU,TRUE,11.11,GBP,UK Large-Cap Value Equity,2,2.34,Above Average,10.88,2.34,0.36,-0.49,-0.88,1.13,9.25,34.46,6.07,9.27,-,9.3
PowerShares FTSE RAFI US 1000 ETF GBP,PSRF,USD,IE00B23D8S39,PRUS,02/08/2005,TRUE,0.39,0.39,PSRF,FALSE,13.61,GBP,US Large-Cap Value Equity,5,0.67,Below Average,10.39,0.67,0.04,-0.4,-3.66,1.08,11.98,33.02,16.58,16.67,-,9.4
Source Cnsmr Stapl S&P US Sel Sect ETF GBP,XLPP,GBX,IE00B435BG20,XLPP,07/09/2009,TRUE,0.3,0.3,XLPP,TRUE,299.27,GBP,Sector Equity Consumer Goods & Services,5,4.46,Low,-,4.46,0.41,-0.32,-1.54,5.4,8.51,19.33,-,-,-,7.3
Source FTSE 100 ETF,S100,GBX,IE00B60SWT88,S100,07/09/2009,TRUE,0.2,0.2,S100,TRUE,58.54,GBP,UK Large-Cap Blend Equity,2,4.08,Average,9.62,4.08,0.25,-0.38,-0.2,3.09,6.02,24.94,6.69,8.7,-,8.1
Source FTSE 250 ETF,S250,GBX,IE00B60SWV01,S250,07/09/2009,TRUE,0.25,0.25,S250,TRUE,132.57,GBP,UK Mid-Cap Equity,3,5.87,Below Average,9.6,5.87,0.36,0.64,1.21,4.55,5.49,16.86,7.6,13.52,-,8.1
Source LGIM Commodity Composite ETF GBP,LGCF,USD,IE00B4TXPP71,LGCU,07/09/2009,TRUE,0.4,0.4,LGCF,FALSE,49.86,GBP,Commodities - Broad Basket,Not Rated,-1.94,-,13.77,-1.94,0.38,0.26,-3.31,-1.4,4.59,30.6,-3.19,-4.92,-,5.3
Source Mstar US Enrgy Infra MLP ETF B GBP,MLPP,GBX,IE00B8CJW150,MLPP,07/09/2009,TRUE,0.5,0.5,MLPP,TRUE,55.58,GBP,Sector Equity Energy,4,0.71,Above Average,23.63,0.71,0.52,1.93,-4.99,-0.18,6.94,57.14,-4.52,-,-,-
Source Physical Gold P-ETC GBP,SGLP,GBX,IE00B579F325,SGLP,30/06/2009,TRUE,0.29,-,SGLP,TRUE,97.87,GBP,Commodities - Precious Metals,Not Rated,6.24,-,19.83,6.24,-0.84,-0.75,0.12,5.03,0.57,14.9,8.07,-0.6,-,7.8
Source Technology S&P US Select Sect ETF GBP,XLKQ,GBX,IE00B3VSSL01,XLKQ,07/09/2009,TRUE,0.3,0.3,XLKQ,TRUE,102.33,GBP,Sector Equity Technology,5,8.24,Low,12.69,8.24,0.38,0.21,0.09,9.09,15.41,38.56,26.7,-,-,7.3
SPDR?Barclays 0-3 Year US Corp Bd ETF GBP,SUSD,GBP,IE00BC7GZX26,SUSD,26/07/2011,TRUE,0.2,0.2,SUSD,TRUE,40.23,GBP,USD Corporate Bond,2,-1.61,Low,9.5,-1.61,-0.21,-0.33,-1.64,-0.74,1.98,13.06,9.85,-,-,3.7
SPDR?Barclays 0-5 Year Stlg Corp Bd ETF,SUKC,GBP,IE00BCBJF711,SUKC,12/11/2013,TRUE,0.2,0.2,SUKC,TRUE,30.8,GBP,GBP Corporate Bond,1,0.81,Low,1.55,0.81,-0.03,0.05,0.24,0.47,0.97,3.98,3.11,-,-,-
SPDR?Barclays 1-5 Year Gilt ETF,GLTS,GBP,IE00B6YX5K17,GLTS,26/07/2011,TRUE,0.15,0.15,GLTS,TRUE,51.54,GBP,GBP Government Bond,1,0.16,Low,1.81,0.16,-0.12,0.04,-0.04,0.45,-0.23,1.09,2.04,-,-,4.9
SPDR?Barclays Emerging Mkts Lcl Bd ETF GBP,EMDL,GBP,IE00B4613386,EMDL,26/07/2011,TRUE,0.55,0.55,EMDL,TRUE,58.35,GBP,Global Emerging Markets Bond - Local Currency,4,2.73,Below Average,13.79,2.73,-0.32,-0.77,0.87,2.75,-1.02,12.81,2.13,-0.99,-,5.9
SPDR?Barclays Sterling Corporate Bd ETF,UKCO,GBP,IE00B4694Z11,UKCO,26/07/2011,TRUE,0.2,0.2,UKCO,TRUE,60.97,GBP,GBP Corporate Bond,4,1.64,Above Average,7.13,1.64,-0.25,0.26,0.5,2.05,-0.47,10.11,7.67,-,-,4.9
SPDR?Dow Jones Global Real Estate ETF GBP,GBRE,GBP,IE00B8GF1M35,GBRE,26/07/2011,TRUE,0.4,0.4,GBRE,TRUE,28.49,GBP,Property - Indirect Global,5,0.53,Above Average,14.52,0.53,-0.02,0.9,-1.59,-0.78,2.17,11.84,13.03,-,-,4.5
SPDR?FTSE UK All Share ETF,FTAL,GBP,IE00B7452L46,FTAL,26/07/2011,TRUE,0.2,0.2,FTAL,TRUE,47.13,GBP,UK Large-Cap Blend Equity,3,4.74,Below Average,8.93,4.74,0.15,-0.36,0.24,3.54,6.58,24.12,7.29,-,-,5.2
SPDR?MSCI EM Asia ETF GBP,EMAS,GBP,IE00B466KX20,EMAS,26/07/2011,TRUE,0.55,0.55,EMAS,TRUE,44.8,GBP,Asia ex Japan Equity,3,13.33,Average,15,13.33,0.16,-0.36,3.54,11.5,8.65,39.09,14.35,8.84,-,5.9
SPDR?MSCI EM Europe ETF GBP,EMEO,GBP,IE00B431K857,EMEO,26/07/2011,TRUE,0.55,0.55,EMEO,TRUE,12.87,GBP,Emerging Europe Equity,2,2.37,Average,19.04,2.37,0.7,0.66,0.82,2.29,13.95,32.98,2.84,-0.64,-,5.9
SPDR?MSCI EM Latin America ETF GBP,EMLA,GBP,IE00B454X613,EMLA,26/07/2011,TRUE,0.55,0.55,EMLA,TRUE,14.16,GBP,Latin America Equity,3,13.08,Above Average,25.77,13.08,0.46,0.46,1.6,11.65,13.83,48.89,4.93,-1.42,-,5.9
SPDR?MSCI Emerging Markets SmallCap ETF GBP,EMSM,GBP,IE00B48X4842,EMSM,26/07/2011,TRUE,0.55,0.55,EMSM,TRUE,60.69,GBP,Global Emerging Markets Small/Mid-Cap Equity,3,14.12,Below Average,14.92,14.12,-0.18,0.41,2.46,12.41,8.55,33.53,12.24,8.03,-,5.9
SPDR?S&P 500 ETF GBP,SPX5,USD,IE00B6YX5C33,SPY5,26/07/2011,TRUE,0.09,0.09,SPX5,FALSE,190.18,GBP,US Large-Cap Blend Equity,5,3.74,Below Average,10.65,3.74,0.33,0.09,-2.38,4.22,12.22,31.02,18.72,16.52,-,5.1
SPDR?S&P 500 Low Volatility ETF GBP,USLV,GBP,IE00B802KR88,USLV,26/07/2011,TRUE,0.35,0.35,USLV,TRUE,34.23,GBP,US Large-Cap Value Equity,5,3.37,Low,12.79,3.37,0.32,-0.2,-1.65,4.3,10.79,24.9,21.2,-,-,4.5
SPDR?S&P Emerging Markets Dividend ETF GBP,EMDV,USD,IE00B6YX5B26,EDVD,26/07/2011,TRUE,0.55,0.55,EMDV,FALSE,11.92,GBP,Global Emerging Markets Equity,1,6.53,High,19.94,6.53,-0.91,-3.27,-1.67,5.49,6.19,27.81,0.06,-5.91,-,5.5
SPDR?S&P Euro Dividend Aristocrats ETF GBP,EUDV,EUR,IE00B5M1WJ87,EUDI,26/07/2011,TRUE,0.3,0.3,EUDV,FALSE,19.76,GBP,Eurozone Large-Cap Equity,5,6.32,Below Average,13.07,6.32,-0.42,0.75,3.56,6.42,7.19,22.44,6.48,9.97,-,5.2
SPDR?S&P Global Div Aristocrats ETF GBP,GBDV,GBP,IE00B9CQXS71,GBDV,26/07/2011,TRUE,0.45,0.45,GBDV,TRUE,25.62,GBP,Global Large-Cap Value Equity,3,1.95,Average,11.53,1.95,-0.43,-1.4,-1.35,1.01,3.96,22.87,8.86,-,-,3.9
SPDR?S&P Pan Asia Div Aristocrats ETF GBP,PADV,GBP,IE00B9KNR336,PADV,26/07/2011,TRUE,0.55,0.55,PADV,TRUE,33.95,GBP,Asia-Pacific inc. Japan Equity,5,10.08,Average,14.14,10.08,0.13,-0.24,2.51,8.33,6.06,31.33,14.39,-,-,3.9
SPDR?S&P UK Dividend Aristocrats ETF,UKDV,GBP,IE00B6S2Z822,UKDV,26/07/2011,TRUE,0.3,0.3,UKDV,TRUE,13,GBP,UK Large-Cap Value Equity,2,5.08,Below Average,9.33,5.08,-0.08,-0.06,1.21,5.14,2.48,15.53,4.1,9.63,-,5.2
SPDR?S&P US Dividend Aristocrats ETF GBP,USDV,USD,IE00B6YX5D40,UDVD,26/07/2011,TRUE,0.35,0.35,USDV,FALSE,38.12,GBP,US Large-Cap Value Equity,5,1.25,Low,11.57,1.25,0.03,-0.41,-2.44,1.83,9.37,27.01,19.14,16.48,-,5.5
UBS ETF Barcl Cap US 1-3 Trea Bd USD A GBP,UB74,GBX,LU0721552544,UB74,11/06/2012,TRUE,0.2,0.2,UB74,TRUE,19.95,GBP,USD Government Bond,2,-1.29,Below Average,9.91,-1.29,-0.19,-0.3,-1.53,-0.52,1.93,12.76,10.01,-,-,5.2
UBS ETF Barcl Cap US 7-10 Trea Bd USD A GBP,UB82,GBX,LU0721552973,UB82,11/06/2012,TRUE,0.2,0.2,UB82,TRUE,33.72,GBP,USD Government Bond,4,-0.82,High,13.41,-0.82,-0.3,-0.09,-0.18,-0.63,-2.46,8.16,12.41,-,-,5.2
UBS ETF CMCI Composite SF USD A acc GBP,UC15,USD,IE00B53H0131,UC14,11/06/2012,TRUE,0.37,0.37,UC15,FALSE,49.22,GBP,Commodities - Broad Basket,Not Rated,-1.9,-,13.99,-1.9,0.37,0.15,-4.05,-1.57,5.53,33.44,-3.7,-,-,6.4
UBS ETF EURO STOXX 50 EUR A dis GBP,UB01,EUR,LU0136234068,UB00,11/06/2012,TRUE,0.15,0.15,UB01,FALSE,29.53,GBP,Eurozone Large-Cap Equity,3,5.71,Above Average,12.89,5.71,-0.47,-1.27,1.5,4.98,11.73,27.76,3.35,-,-,15.5
UBS ETF FTSE 100 GBP A dis GBP,UB03,GBX,LU0136242590,UB03,11/06/2012,TRUE,0.2,0.2,UB03,TRUE,68.51,GBP,UK Large-Cap Blend Equity,3,3.01,Average,9.54,3.01,0.29,-0.57,-0.17,2.07,5.01,20.46,1.89,-,-,15.5
UBS ETF FTSE 100 SF GBP A acc GBP,UC17,GBX,IE00B3X0KQ36,UC17,11/06/2012,TRUE,0.22,0.22,,FALSE,56.18,GBP,UK Large-Cap Blend Equity,Not Rated,17.56,-,9.91,17.56,0.57,0.98,4.67,4.13,17.53,17.43,4.95,-,-,6.8
UBS ETF Markit iBoxx  Germ 1-3 A dis GBP,UB89,GBX,LU0721553351,UB89,11/06/2012,TRUE,0.17,0.17,UB89,TRUE,67.84,GBP,EUR Government Bond - Short Term,2,-0.48,Below Average,9.34,-0.48,-0.24,-1.21,-0.86,0.16,-2.91,6.03,1.23,-,-,5.3
UBS ETF Markit iBoxx  LiqCorp EUR A dis GBP,UB99,GBX,LU0721553864,UB99,11/06/2012,TRUE,0.2,0.2,UB99,TRUE,86.72,GBP,EUR Corporate Bond,2,-0.38,Below Average,10.01,-0.38,-0.28,-0.89,-0.22,0.43,-3.75,6.7,2.98,-,-,5.3
UBS ETF MSCI Canada CAD A dis GBP,UB23,GBX,LU0446734872,UB23,11/06/2012,TRUE,0.33,0.33,UB23,TRUE,23.86,GBP,Canada Equity,3,-0.7,Average,13.55,-0.7,-0.02,-0.55,-1.24,-2.38,7.53,31.27,5.81,-,-,7.6
UBS ETF MSCI Canada SF CAD A acc GBP,UC24,GBX,IE00B5TZCY80,UC24,11/06/2012,TRUE,0.28,0.28,UC24,TRUE,35.88,GBP,Canada Equity,2,0.84,Average,13.29,0.84,0.03,-0.5,-1.18,-0.64,9.22,34.91,8.42,-,-,6.1
UBS ETF MSCI Emerging Mkts SF USD A acc GBP,UC27,GBX,IE00B3Z3FS74,UC27,11/06/2012,TRUE,0.26,0.29,,FALSE,28.89,GBP,Global Emerging Markets Equity,Not Rated,31.77,-,16.59,31.77,1.83,1.19,0.14,-0.76,15.88,30.7,6.23,-,-,6
UBS ETF MSCI Emerging Mkts USD A dis GBP,UB32,USD,LU0480132876,UB30,11/06/2012,TRUE,0.45,0.45,UB32,FALSE,76.31,GBP,Global Emerging Markets Equity,3,9.79,Average,15.73,9.79,-0.08,-0.83,2.22,8.33,7.59,34.98,8,-,-,6.4
UBS ETF MSCI EMU EUR A dis GBP,UB06,GBX,LU0147308422,UB06,11/06/2012,TRUE,0.18,0.18,UB06,TRUE,102.72,GBP,Eurozone Large-Cap Equity,4,6.17,Above Average,12.29,6.17,-0.26,-0.8,1.97,5.53,10.86,27.78,5.33,-,-,14.6
UBS ETF MSCI EMU H GBP A acc GBP,UC60,GBX,LU0950669688,UC60,11/06/2012,TRUE,0.28,0.28,UC60,TRUE,19.47,GBP,Europe Equity - Currency Hedged,Not Rated,7.04,-,14.71,7.04,-0.15,0.36,2.51,5.77,14.93,24.17,7,-,-,3.6
UBS ETF MSCI EMU H GBP A dis GBP,UC59,GBX,LU0937835733,UC59,11/06/2012,TRUE,0.28,0.28,UC59,TRUE,17.79,GBP,Europe Equity - Currency Hedged,Not Rated,6.29,-,14.42,6.29,-0.13,0.4,2.54,4.94,14.15,20.33,3.94,-,-,3.6
UBS ETF MSCI EMU SF EUR A acc GBP,UC30,GBX,IE00B5B1MZ58,UC30,11/06/2012,TRUE,0.23,0.23,,FALSE,134.25,GBP,Eurozone Large-Cap Equity,Not Rated,20.29,-,12.22,20.29,-0.12,0.92,7.59,6.95,21.8,20.17,6.52,-,-,6.1
UBS ETF MSCI EMU Small Cap EUR A dis GBP,UB69,GBX,LU0671493277,UB69,11/06/2012,TRUE,0.33,0.33,UB69,TRUE,78.05,GBP,Eurozone Small-Cap Equity,3,8.58,Average,12.37,8.58,-0.09,-0.22,2.93,7.42,9.38,26.49,9,-,-,5.5
UBS ETF MSCI EMU SRI EUR A dis GBP,UB39,GBX,LU0629460675,UB39,11/06/2012,TRUE,0.28,0.28,UB39,TRUE,74.61,GBP,Eurozone Large-Cap Equity,5,5.71,Low,11.37,5.71,-0.35,-0.47,2.98,5.92,7.59,27.68,8.18,-,-,5.7
UBS ETF MSCI EMU Value EUR A dis GBP,UB17,GBX,LU0446734369,UB17,11/06/2012,TRUE,0.25,0.25,UB17,TRUE,33.73,GBP,Eurozone Large-Cap Equity,3,4.57,High,13.9,4.57,-0.33,-1.22,1.67,3.26,13.66,30.16,1.07,-,-,7.5
UBS ETF MSCI Europe EUR A dis GBP,UB12,GBX,LU0446734104,UB12,11/06/2012,TRUE,0.2,0.2,UB12,TRUE,53.67,GBP,Europe Large-Cap Blend Equity,4,4.71,Average,10.48,4.71,-0.22,-0.84,0.72,3.57,7.45,23.41,3.76,-,-,7.5
UBS ETF MSCI Japan H GBP A acc,UC62,GBX,LU0969638583,UC62,11/06/2012,TRUE,0.45,0.45,UC62,TRUE,20.15,GBP,Japan Equity - Currency Hedged,Not Rated,0.02,-,17.65,0.02,0.44,-1.21,-2.49,-2.14,11.51,19.44,6.71,-,-,3.6
UBS ETF MSCI Japan H GBP A dis,UC61,GBX,LU0969638401,UC61,11/06/2012,TRUE,0.45,0.45,UC61,TRUE,19.33,GBP,Japan Equity - Currency Hedged,Not Rated,-0.22,-,17.53,-0.22,0.27,-1.33,-2.5,-1.93,11.35,19.29,6.67,-,-,3.6
UBS ETF MSCI Japan JPY A dis GBP,UB02,USD,LU0136240974,UC65,11/06/2012,TRUE,0.35,0.35,UB02,FALSE,32.66,GBP,Japan Large-Cap Equity,4,2.95,Below Average,11.86,2.95,-0.4,-1.91,-1.34,0.68,5.73,34.6,14.58,-,-,15.5
UBS ETF MSCI Japan SF JPY A acc GBP,UC32,GBX,IE00B54HQ477,UC32,11/06/2012,TRUE,0.32,0.32,,FALSE,117.21,GBP,Japan Large-Cap Equity,Not Rated,25.49,-,12.49,25.49,-0.32,0.58,1.94,5.49,20,27.37,12.98,-,-,6.1
UBS ETF MSCI Pacific ex Jpn USD A dis GBP,UB20,GBX,LU0446734526,UB20,11/06/2012,TRUE,0.3,0.3,UB20,TRUE,33.42,GBP,Asia-Pacific ex-Japan Equity,3,8.93,High,14.87,8.93,0.24,-0.57,1.6,6.55,8.9,35.78,7.07,-,-,7.5
UBS ETF MSCI Pacific SRI USD A dis GBP,UB45,GBX,LU0629460832,UB45,11/06/2012,TRUE,0.4,0.4,UB45,TRUE,52.79,GBP,Asia-Pacific inc. Japan Equity,4,4.45,Average,12.16,4.45,-0.45,-2.01,-0.28,2.24,5.99,33.46,12.6,-,-,5.7
UBS ETF MSCI United Kingdom GBP A acc GBP,UC64,GBX,LU0950670850,UC64,11/06/2012,TRUE,0.2,0.2,UC64,TRUE,21.75,GBP,UK Large-Cap Blend Equity,3,4.73,Above Average,9.61,4.73,0.33,-0.01,0.23,3.62,6.59,25.13,6.66,-,-,3.7
UBS ETF MSCI United Kingdom GBP A dis GBP,UC63,GBX,LU0937836467,UC63,11/06/2012,TRUE,0.2,0.2,UC63,TRUE,18.94,GBP,UK Large-Cap Blend Equity,3,2.92,Above Average,9.68,2.92,0.24,-0.24,0.16,1.77,4.63,20.16,2.03,-,-,3.7
UBS ETF MSCI USA H GBP A acc GBP,UC74,GBX,IE00BD4TYJ05,UC74,28/06/2012,TRUE,0.24,0.24,UC74,TRUE,20.04,GBP,US Equity - Currency Hedged,Not Rated,5.57,-,11.17,5.57,0.75,0.6,0.06,5.34,9.94,16.94,8.88,-,-,3.6
UBS ETF MSCI USA H GBP A dis GBP,UC73,GBX,IE00BD4TYH80,UC73,28/06/2012,TRUE,0.24,0.24,UC73,TRUE,19.08,GBP,US Equity - Currency Hedged,Not Rated,4.65,-,11.08,4.65,0.59,0.47,-0.14,4.19,8.95,14.91,7.18,-,-,3.6
UBS ETF MSCI USA SF USD A acc GBP,UC38,GBX,IE00B3SC9K16,UC38,11/06/2012,TRUE,0.2,0.2,,FALSE,47.52,GBP,US Large-Cap Blend Equity,Not Rated,35.04,-,10.61,35.04,0.38,0.85,4.34,11.88,23.24,35.95,19.88,-,-,6.3
UBS ETF MSCI USA SRI USD A dis GBP,UC46,GBX,LU0629460089,UC46,11/06/2012,TRUE,0.33,0.33,UC46,TRUE,75.01,GBP,US Large-Cap Blend Equity,3,2.97,Average,10.24,2.97,0.36,0.19,-1.53,3.31,10.84,30.37,15.93,-,-,5.7
UBS ETF MSCI USA USD A dis GBP,UC04,USD,LU0136234654,UC67,11/06/2012,TRUE,0.14,0.14,UC04,FALSE,46,GBP,US Large-Cap Blend Equity,4,3.6,Below Average,10.67,3.6,0.33,0.11,-1.92,4.01,12.21,31.43,18.49,-,-,5
UBS ETF MSCI USA Value USD A dis GBP,UC07,GBX,IE00B78JSG98,UC07,28/06/2012,TRUE,0.2,0.2,UC07,TRUE,55.98,GBP,US Large-Cap Value Equity,4,0.64,Below Average,10.72,0.64,0.39,0.03,-2.74,1.19,11.47,31.5,16,-,-,5
UBS ETF MSCI World SRI USD A dis GBP,UC44,GBX,LU0629459743,UC44,11/06/2012,TRUE,0.38,0.38,UC44,TRUE,64.56,GBP,Global Large-Cap Blend Equity,4,3.81,Below Average,9.36,3.81,0.3,-0.17,-0.35,3.3,8.71,27.94,12.37,-,-,5.7
UBS ETF MSCI World USD A dis GBP,UC10,GBX,IE00B7KQ7B66,UC10,28/06/2012,TRUE,0.3,0.3,,FALSE,36.07,GBP,Global Large-Cap Blend Equity,Not Rated,27.28,-,9.81,27.28,0.31,0.87,4.26,9.29,20.23,28.13,12.5,-,-,5
UBS ETF MSCI World USD A dis GBP,UC55,USD,LU0340285161,UC68,11/06/2012,TRUE,0.3,0.3,UC55,FALSE,148.52,GBP,Global Large-Cap Blend Equity,Not Rated,3.89,-,9.69,3.89,0.08,-0.37,-1.11,3.55,9.9,29.59,13.12,-,-,8.8
UBS ETF S&P 500 SF USD A acc GBP,UC41,GBX,IE00B4JY5R22,UC41,11/06/2012,TRUE,0.22,0.22,,FALSE,31.98,GBP,US Large-Cap Blend Equity,Not Rated,35.6,-,10.6,35.6,0.38,0.87,4.56,12.27,23.41,36.53,20.21,-,-,6.3
UBS ETF S&P 500 USD A dis GBP,UC13,USD,IE00B7K93397,UC12,28/06/2012,TRUE,0.12,0.12,UC13,FALSE,30.63,GBP,US Large-Cap Blend Equity,5,3.32,Below Average,10.72,3.32,0.34,0.07,-1.98,3.78,12.18,31,18.63,-,-,5
UBS ETF Solactive Glbl Oil Eqs USD A dis GBP,UC51,GBX,IE00B5PYL424,UC51,28/06/2012,TRUE,0.33,0.33,,FALSE,12.18,GBP,Sector Equity Energy,Not Rated,85.74,-,34.5,85.74,-0.12,-0.33,11.24,31.01,37.17,73.47,-6.3,-,-,4.5
UBS ETF Solactive Glbl Pure Gld Mnrs USD GBP,UC53,GBX,IE00B7KMNP07,UC53,28/06/2012,TRUE,0.43,0.43,,FALSE,8.2,GBP,Sector Equity Precious Metals,Not Rated,84.26,-,51.62,84.26,4.84,4.86,-9.82,-25.11,-23.18,78.12,14.27,-,-,4.4
Vanguard FTSE 100 ETF,VUKE,GBP,IE00B810Q511,VUKE,23/05/2012,TRUE,0.09,0.09,VUKE,TRUE,32.65,GBP,UK Large-Cap Blend Equity,3,3.83,Above Average,9.58,3.83,0.27,-0.37,-0.3,2.66,6.22,25,6.8,-,-,4.9
Vanguard FTSE 250 ETF,VMID,GBP,IE00BKX55Q28,VMID,23/05/2012,TRUE,0.1,0.1,VMID,TRUE,30.61,GBP,UK Mid-Cap Equity,Not Rated,6.02,-,-,6.02,0.33,0.59,1.29,4.59,5.69,17.45,-,-,-,2.6
Vanguard FTSE All-World ETF GBP,VWRL,USD,IE00B3RBWM25,VWRD,23/05/2012,TRUE,0.25,0.25,VWRL,FALSE,59.78,GBP,Global Large-Cap Blend Equity,4,4.94,Below Average,10.04,4.94,0.09,-0.47,-1.12,4.46,10.03,30.4,13.1,-,-,4.9
Vanguard FTSE All-World High Div Yld ETF GBP,VHYL,USD,IE00B8GKDB10,VHYD,23/05/2012,TRUE,0.29,0.29,VHYL,FALSE,42.4,GBP,Global Equity Income,3,3.3,Average,10.03,3.3,0.08,-0.63,-1.46,2.75,9.08,28.23,9.41,-,-,3.9
Vanguard FTSE Dev Asia Pac exJpn ETF GBP,VAPX,USD,IE00B9F5YL18,VDPX,23/05/2012,TRUE,0.22,0.22,VAPX,FALSE,19.4,GBP,Asia-Pacific ex-Japan Equity,3,10.23,Above Average,14.5,10.23,0.01,-0.91,1.37,8.17,9.4,36.45,8.21,-,-,3.9
Vanguard FTSE Developed Europe ETF GBP,VEUR,GBP,IE00B945VV12,VEUR,23/05/2012,TRUE,0.12,0.12,VEUR,TRUE,25.77,GBP,Europe Large-Cap Blend Equity,4,5.44,Average,10.85,5.44,-0.1,-0.92,0.27,4.3,7.64,23.33,4.89,-,-,3.9
Vanguard FTSE Developed Europe ex UK ETF GBP,VERX,GBP,IE00BKX55S42,VERX,23/05/2012,TRUE,0.12,0.12,VERX,TRUE,24.53,GBP,Europe ex-UK Large-Cap Equity,Not Rated,6.12,-,-,6.12,-0.47,-0.84,0.99,5.17,8.99,24.78,-,-,-,2.6
Vanguard FTSE Developed World ETF GBP,VEVE,USD,IE00BKX55T58,VDEV,23/05/2012,TRUE,0.18,0.18,VEVE,FALSE,43.86,GBP,Global Large-Cap Blend Equity,Not Rated,4.44,-,-,4.44,0.18,-0.34,-1.44,3.96,10.23,30.04,-,-,-,2.6
Vanguard FTSE Emerging Markets ETF GBP,VFEM,USD,IE00B3VVMM84,VDEM,23/05/2012,TRUE,0.25,0.25,VFEM,FALSE,43.22,GBP,Global Emerging Markets Equity,4,10.37,Above Average,16.28,10.37,0.08,-0.27,2.05,9.02,8.66,35.83,9.45,-,-,4.9
Vanguard FTSE Japan ETF GBP,VJPN,USD,IE00B95PGT31,VDJP,23/05/2012,TRUE,0.19,0.19,VJPN,FALSE,21.88,GBP,Japan Large-Cap Equity,4,3.81,Average,11.91,3.81,-0.38,-1.97,-1.55,1.66,6.07,35.61,15.22,-,-,3.9
Vanguard FTSE North America ETF GBP,VNRT,USD,IE00BKX55R35,VDNR,23/05/2012,TRUE,0.1,0.1,VNRT,FALSE,47.21,GBP,US Large-Cap Blend Equity,Not Rated,3.76,-,-,3.76,0.41,0.1,-2.33,4.04,12.1,31.39,-,-,-,2.6
Vanguard S&P 500 ETF GBP,VUSA,USD,IE00B3XXRP09,VUSD,23/05/2012,TRUE,0.07,0.07,VUSA,FALSE,36.08,GBP,US Large-Cap Blend Equity,5,3.7,Below Average,10.72,3.7,0.33,0.07,-2.43,4.16,12.12,31.19,18.67,-,-,4.9
Vanguard UK Gilt UCITS ETF,VGOV,GBP,IE00B42WWV65,VGOV,23/05/2012,TRUE,0.12,0.12,VGOV,TRUE,23.25,GBP,GBP Government Bond,4,1.94,Above Average,8.36,1.94,-0.35,0.68,1.22,3.29,-1.5,6.9,8.15,-,-,4.9
WisdomTree Emerg Mkts Eq Inc ETF GBP,DEM,USD,IE00BQQ3Q067,DEMD,24/10/2014,TRUE,0.46,0.46,DEM,FALSE,11.67,GBP,Global Emerging Markets Equity,Not Rated,5.36,-,-,5.36,-0.56,-1.1,1.08,6.71,8.76,37.53,-,-,-,-
WisdomTree Europe Equity Income ETF GBP,EEI,EUR,IE00BQZJBX31,EEIE,24/10/2014,TRUE,0.29,0.29,EEI,FALSE,11.09,GBP,Europe Equity Income,Not Rated,2.54,-,-,2.54,-0.14,-0.85,0.54,2.6,8.07,24.7,-,-,-,-
WisdomTree Europe SmallCap Div ETF GBP,DFE,EUR,IE00BQZJC527,DFEE,24/10/2014,TRUE,0.38,0.38,DFE,FALSE,14.6,GBP,Europe Small-Cap Equity,Not Rated,6.19,-,-,6.19,0.18,0.37,1.83,5.86,9.51,22.51,-,-,-,-
WisdomTree Germany Equity ETF GBP Hdg,DXGP,GBX,IE00BVXBGY20,DXGP,24/10/2014,TRUE,0.35,0.35,DXGP,TRUE,10.3,GBP,Europe Equity - Currency Hedged,Not Rated,6,-,-,6,-0.44,0.44,1.43,5.06,14.16,26.35,-,-,-,-
WisdomTree US Equity Income ETF GBP,DHS,USD,IE00BQZJBQ63,DHSD,24/10/2014,TRUE,0.29,0.29,DHS,FALSE,14.97,GBP,US Large-Cap Value Equity,Not Rated,-0.39,-,-,-0.39,0.36,-0.56,-2.67,0.83,7.28,24.07,-,-,-,-
WisdomTree US SmallCap Dividend ETF GBP,DESE,USD,IE00BQZJBT94,DESD,24/10/2014,TRUE,0.38,0.38,DESE,FALSE,15.15,GBP,US Small-Cap Equity,Not Rated,-6.29,-,-,-6.29,-0.63,-1.09,-4.45,-4.93,9.09,34.03,-,-,-,-
