Name,AssetType,Underlying,Source,isin,code,Exchange,category, currency,googleCode,
USD per GBP,FX,FX,Yahoo,USDGBP,USDGBP,London,Currency,GBP,CURRENCY:USDGBP,
GBP per USD,FX,FX,Yahoo,GBPUSD,GBPUSD,London,Currency,USD,CURRENCY:GBPUSD,
,FUND,EQUITY,Yahoo,GB00B41YBW71,FUQUIT,London,Global Equity,GBP,MUTF_GB:FUND_EQUI_I_ANRT8N,
M&G Optimal Income Fund Sterling I Inc,FUND,BOND,Yahoo,GB00B1H05601,MGOII,London,UK Bond,GBX,MUTF_GB:MG_OPTI_INCO_SRI2UJ,
,FUND,BOND,Yahoo,GB00BD050949,RLAAAI,London,Short duration bond,GBX,LON:RLAAAI,
,FUND,BOND,Yahoo,GB00B1XFKV93,YFEMID,London,MEmerging Bond,GBX,LON:YFEMID,
,FUND,BOND,Yahoo,GB00B45Q9038,VVUILG,London,UK Inflation,GBP,MUTF_GB:VANG_UK_INFL_1YLF91E,
Amundi ETF MSCI China EUR A/I GBP,ETF,EQUITY,Google,FR0010713784,CC1,London,China Equity,GBX,LON:CC1,
Amundi ETF MSCI EM Latin America EUR A/I GBP,ETF,EQUITY,Google,FR0011020973,ALAT,London,Latin America Equity,GBX,LON:ALAT,
Amundi ETF MSCI Emerging Markets EUR A/I GBP,ETF,EQUITY,Google,FR0010959676,AEEM,London,Global Emerging Markets Equity,GBX,LON:AEEM,
Amundi ETF MSCI Germany A/I GBP,ETF,EQUITY,Google,FR0010655712,CG1,London,Germany Large-Cap Equity,GBX,LON:CG1,
Amundi ETF MSCI Italy A/I GBP,ETF,EQUITY,Google,FR0010655720,CI1,London,Italy Equity,GBX,LON:CI1,
Amundi ETF MSCI Nordic A/I GBP,ETF,EQUITY,Google,FR0010655738,CN1,London,Nordic Equity,GBX,LON:CN1,
Amundi ETF MSCI Spain A/I GBP,ETF,EQUITY,Google,FR0010655746,CS1,London,Spain Equity,GBX,LON:CS1,
Amundi ETF MSCI UK A/I GBP,ETF,EQUITY,Google,FR0010655761,CUK,London,UK Large-Cap Blend Equity,GBX,LON:CUK,
Boost FTSE 100 3x Short Daily ETP,ETF,EQUITY,Google,IE00B7VB3908,3UKS,London,Trading - Leveraged/Inverse Equity,GBX,LON:3UKS,
Boost ShortDAX?3x Daily ETP GBP,ETF,EQUITY,Google,IE00B8GKPP93,3SDE,London,Trading - Leveraged/Inverse Equity,GBX,LON:3SDE,
Boost Silver 3x Short Daily ETP GBP,ETF,COMMODITIES,Google,IE00B8JG1787,3SSI,London,Trading - Leveraged/Inverse Commodities,GBX,LON:3SSI,
CSOP Source FTSE China A50 ETF GBP,ETF,EQUITY,Google,IE00BGSHB123,CHNP,London,China Equity - A Shares,GBX,LON:CHNP,
db Physical Gold GBP Hedged ETC,ETF,COMMODITIES,Google,GB00B68FL050,XGLS,London,Commodities - Precious Metals,GBX,LON:XGLS,
db x-trackers DAX?(DR) Income 1D GBP,ETF,EQUITY,Google,LU0838782315,XDDX,London,Germany Large-Cap Equity,GBX,LON:XDDX,
db x-trackers DBLCI OY Balanced 3C,ETF,COMMODITIES,Google,LU0460391906,XDBG,London,Commodities - Broad Basket,GBX,LON:XDBG,
db x-trackers Euro Stoxx 50 (DR) 1C GBP,ETF,EQUITY,Google,LU0380865021,XESC,London,Eurozone Large-Cap Equity,GBX,LON:XESC,
db x-trackers Euro Stoxx 50 (DR) 1D GBP,ETF,EQUITY,Google,LU0274211217,XESX,London,Eurozone Large-Cap Equity,GBX,LON:XESX,
db x-trackers Euro Stoxx SelDiv 30(DR)1D GBP,ETF,EQUITY,Google,LU0292095535,XD3E,London,Eurozone Large-Cap Equity,GBX,LON:XD3E,
db x-trackers Euro Stoxx50 Short Dly 1C GBP,ETF,EQUITY,Google,LU0292106753,XSSX,London,Trading - Leveraged/Inverse Equity,GBX,LON:XSSX,
db x-trackers FTSE 100 (DR) 1C,ETF,EQUITY,Google,LU0838780707,XDUK,London,UK Large-Cap Blend Equity,GBX,LON:XDUK,
db x-trackers FTSE 100 (DR) Income 1D,ETF,EQUITY,Google,LU0292097234,XUKX,London,UK Large-Cap Blend Equity,GBX,LON:XUKX,
db x-trackers FTSE 100 Short Daily 1C,ETF,EQUITY,Google,LU0328473581,XUKS,London,Trading - Leveraged/Inverse Equity,GBX,LON:XUKS,
db x-trackers FTSE 250 (DR) 1D,ETF,EQUITY,Google,LU0292097317,XMCX,London,UK Mid-Cap Equity,GBX,LON:XMCX,
db x-trackers FTSE All-Share (DR) 1D,ETF,EQUITY,Google,LU0292097747,XASX,London,UK Large-Cap Blend Equity,GBX,LON:XASX,
db x-trackers FTSE China 50 (DR) 1C GBP,ETF,EQUITY,Google,LU0292109856,XX25,London,China Equity,USD,LON:XX25,
db x-trackers FTSE E/N Dev Eurp RE(DR)1C GBP,ETF,PROPERTY,Google,LU0489337690,XDER,London,Property - Indirect Europe,GBX,LON:XDER,
db x-trackers FTSE Vietnam 1C GBP,ETF,EQUITY,Google,LU0322252924,XFVT,London,Vietnam Equity,USD,LON:XFVT,
db x-trackers Harvest CSI300 (DR) 1D GBP,ETF,EQUITY,Google,LU0875160326,RQFI,London,China Equity - A Shares,USD,LON:RQFI,
db x-trackers II Global Sovereign 2D,ETF,BOND,Google,LU0641006290,XGSG,London,Global Bond - GBP Hedged,GBX,LON:XGSG,
db x-trackers II iBoxx Glbl Infl-Lnkd 3D,ETF,BOND,Google,LU0641007264,XGIG,London,Global Inflation-Linked Bond - GBP Hedged,GBX,LON:XGIG,
db x-trackers II Sterling Cash 1D,ETF,CASH,Google,LU0321464652,XSTR,London,Money Market - Other,GBX,LON:XSTR,
db x-trackers LPX MM Private Equity 1C GBP,ETF,EQUITY,Google,LU0322250712,XLPE,London,Sector Equity Private Equity,GBX,LON:XLPE,
db x-trackers Mittelstd&MidCap DEU(DR)1D GBP,ETF,EQUITY,Google,IE00B9MRJJ36,XDGM,London,Germany Small/Mid-Cap Equity,GBX,LON:XDGM,
db x-trackers MSCI AC Asia ex Japan 1C GBP,ETF,EQUITY,Google,LU0322252171,XAXJ,London,Asia ex Japan Equity,USD,LON:XAXJ,
db x-trackers MSCI AC AsiaExJpHiDivYld1D GBP,ETF,EQUITY,Google,LU0592215825,XAHG,London,Asia ex Japan Equity,USD,LON:XAHG,
db x-trackers MSCI Brazil (DR) 1C GBP,ETF,EQUITY,Google,LU0292109344,XMBR,London,Brazil Equity,USD,LON:XMBR,
db x-trackers MSCI Canada DR 1C GBP,ETF,EQUITY,Google,LU0476289540,XCAD,London,Canada Equity,USD,LON:XCAD,
db x-trackers MSCI China (DR) 1C GBP,ETF,EQUITY,Google,LU0514695690,XCX6,London,China Equity,USD,LON:XCX6,
db x-trackers MSCI EM Asia 1C GBP,ETF,EQUITY,Google,LU0292107991,XMAS,London,Asia ex Japan Equity,USD,LON:XMAS,
db x-trackers MSCI EM LatAm 1C GBP,ETF,EQUITY,Google,LU0292108619,XMLA,London,Latin America Equity,USD,LON:XMLA,
db x-trackers MSCI Emerging Markets 1C GBP,ETF,EQUITY,Google,LU0292107645,XMMD,London,Global Emerging Markets Equity,USD,LON:XMMD,
db x-trackers MSCI Europe (DR) 1C GBP,ETF,EQUITY,Google,LU0274209237,XMED,London,Europe Large-Cap Blend Equity,USD,LON:XMED,
db x-trackers MSCI Europe Mid Cap(DR)1C GBP,ETF,EQUITY,Google,LU0322253732,XEUM,London,Europe Mid-Cap Equity,GBX,LON:XEUM,
db x-trackers MSCI Europe Sm Cap (DR) 1C GBP,ETF,EQUITY,Google,LU0322253906,XXSC,London,Europe Small-Cap Equity,GBX,LON:XXSC,
db x-trackers MSCI India 1C GBP,ETF,EQUITY,Google,LU0514695187,XCX5,London,India Equity,USD,LON:XCX5,
db x-trackers MSCI Indonesia 1C GBP,ETF,EQUITY,Google,LU0476289623,XMID,London,Indonesia Equity,USD,LON:XMID,
db x-trackers MSCI Japan (DR) 1C GBP,ETF,EQUITY,Google,LU0274209740,XMJP,London,Japan Large-Cap Equity,USD,LON:XMJP,
db x-trackers MSCI Japan (DR) 6C,ETF,EQUITY,Google,LU0659580236,XMJG,London,Japan Equity - Currency Hedged,GBX,LON:XMJG,
db x-trackers MSCI Korea (DR) 1C GBP,ETF,EQUITY,Google,LU0292100046,XKS2,London,Korea Equity,USD,LON:XKS2,
db x-trackers MSCI Malaysia (DR) 1C GBP,ETF,EQUITY,Google,LU0514694370,XCX3,London,Other Asia-Pacific Equity,USD,LON:XCX3,
db x-trackers MSCI Mexico (DR) 1C GBP,ETF,EQUITY,Google,LU0476289466,XMEX,London,Other Americas Equity,USD,LON:XMEX,
db x-trackers MSCI NA Hi Div Yld (DR)1C GBP,ETF,EQUITY,Google,IE00BH361H73,XDND,London,US Large-Cap Value Equity,GBX,LON:XDND,
db x-trackers MSCI Nordic (DR) 1D GBP,ETF,EQUITY,Google,IE00B9MRHC27,XDN0,London,Nordic Equity,GBX,LON:XDN0,
db x-trackers MSCI Pacific exJapan(DR)1C GBP,ETF,EQUITY,Google,LU0322252338,XPXJ,London,Asia-Pacific ex-Japan Equity,USD,LON:XPXJ,
db x-trackers MSCI Philippines IM (DR)1C GBP,ETF,EQUITY,Google,LU0592215403,XPHG,London,Other Asia-Pacific Equity,USD,LON:XPHG,
db x-trackers MSCI Russia Capped 1C GBP,ETF,EQUITY,Google,LU0322252502,XMRC,London,Russia Equity,USD,LON:XMRC,
db x-trackers MSCI Taiwan (DR) 1C GBP,ETF,EQUITY,Google,LU0292109187,XMTW,London,Taiwan Large-Cap Equity,USD,LON:XMTW,
db x-trackers MSCI Thailand (DR) 1C GBP,ETF,EQUITY,Google,LU0514694701,XCX4,London,Thailand Equity,USD,LON:XCX4,
db x-trackers MSCI USA (DR) 1C GBP,ETF,EQUITY,Google,IE00BJ0KDR00,XD9U,London,US Large-Cap Blend Equity,USD,LON:XD9U,
db x-trackers MSCI USA 1C GBP,ETF,EQUITY,Google,LU0274210672,XMUS,London,US Large-Cap Blend Equity,USD,LON:XMUS,
db x-trackers MSCI World 1C GBP,ETF,EQUITY,Google,LU0274208692,XMWD,London,Global Large-Cap Blend Equity,USD,LON:XMWD,
db x-trackers Nifty 50 1C GBP,ETF,EQUITY,Google,LU0292109690,XNIF,London,India Equity,USD,LON:XNIF,
db x-trackers S&P 500 1C GBP,ETF,EQUITY,Google,LU0490618542,XSPX,London,US Large-Cap Blend Equity,USD,LON:XSPX,
db x-trackers S&P 500 2x Inverse Dly 1C GBP,ETF,EQUITY,Google,LU0411078636,XT2D,London,Trading - Leveraged/Inverse Equity,USD,LON:XT2D,
db x-trackers S&P 500 Inverse Daily 1C GBP,ETF,EQUITY,Google,LU0322251520,XSPS,London,Trading - Leveraged/Inverse Equity,USD,LON:XSPS,
db x-trackers S&P Global Infras 1C GBP,ETF,EQUITY,Google,LU0322253229,XSGI,London,Sector Equity Infrastructure,USD,LON:XSGI,
db x-trackers S&P Select Frontier 1C GBP,ETF,EQUITY,Google,LU0328476410,XSFR,London,Global Frontier Markets Equity,USD,LON:XSFR,
db x-trackers S&P/ASX 200 (DR) 1D GBP,ETF,EQUITY,Google,LU0328474803,XAUS,London,Australia & New Zealand Equity,GBX,LON:XAUS,
db x-trackers ShortDAX Daily 1C GBP,ETF,EQUITY,Google,LU0292106241,XSDX,London,Trading - Leveraged/Inverse Equity,GBX,LON:XSDX,
db x-trackers Stoxx Eurp600 (DR) 1C GBP,ETF,EQUITY,Google,LU0328475792,XSX6,London,Europe Large-Cap Blend Equity,GBX,LON:XSX6,
db x-trackers Stoxx Eurp600 Banks 1C GBP,ETF,EQUITY,Google,LU0292103651,XS7R,London,Sector Equity Financial Services,GBX,LON:XS7R,
db x-trackers Stoxx Eurp600 Bas Res 1C GBP,ETF,EQUITY,Google,LU0292100806,XSPR,London,Sector Equity Industrial Materials,GBX,LON:XSPR,
db x-trackers Stoxx Eurp600 Food&Bev 1C GBP,ETF,EQUITY,Google,LU0292105359,XS3R,London,Sector Equity Consumer Goods & Services,GBX,LON:XS3R,
db x-trackers Stoxx Eurp600 HC 1C GBP,ETF,EQUITY,Google,LU0292103222,XSDR,London,Sector Equity Healthcare,GBX,LON:XSDR,
db x-trackers Stoxx Eurp600 IndlGds 1C GBP,ETF,EQUITY,Google,LU0292106084,XSNR,London,Sector Equity Industrial Materials,GBX,LON:XSNR,
db x-trackers Stoxx Eurp600 Oil&Gas 1C GBP,ETF,EQUITY,Google,LU0292101796,XSER,London,Sector Equity Energy,GBX,LON:XSER,
db x-trackers Stoxx Eurp600 Tech 1C GBP,ETF,EQUITY,Google,LU0292104469,XS8R,London,Sector Equity Technology,GBX,LON:XS8R,
db x-trackers Stoxx Eurp600 Telecom 1C GBP,ETF,EQUITY,Google,LU0292104030,XSKR,London,Sector Equity Communications,GBX,LON:XSKR,
db x-trackers Stoxx Eurp600 Utilities 1C GBP,ETF,EQUITY,Google,LU0292104899,XS6R,London,Sector Equity Utilities,GBX,LON:XS6R,
db x-trackers Stoxx Glbl Sel Div 100 1D GBP,ETF,EQUITY,Google,LU0292096186,XGSD,London,Global Equity Income,USD,LON:XGSD,
ETFS 3x Short EUR Long GBP,ETF,FX,Google,JE00B3W0MY68,SUP3,London,Other,GBX,LON:SUP3,
ETFS 3x Short JPY Long GBP,ETF,FX,Google,JE00B3TG7R50,SYP3,London,Other,GBX,LON:SYP3,
ETFS Agriculture ETC GBP,ETF,COMMODITIES,Google,GB00B15KYH63,AGAP,London,Commodities - Broad Agriculture,GBX,LON:AGAP,
ETFS All Commodities ETC GBP,ETF,COMMODITIES,Google,GB00B15KY989,AGCP,London,Commodities - Broad Basket,GBX,LON:AGCP,
ETFS Brent Oil 1 month ETC GBP,ETF,COMMODITIES,Google,GB00B0CTWC01,OLBP,London,Commodities - Energy,GBX,LON:OLBP,
ETFS Carbon ETC GBP,ETF,COMMODITIES,Google,JE00B3CG6315,CARP,London,Commodities - Other,GBX,LON:CARP,
ETFS Crude Oil ETC,ETF,COMMODITIES,Google,GB00B15KXV33,CRUD,London,Commodities - Energy,USD,LON:CRUD,
ETFS DAX Daily 2x Long GO ETF GBP,ETF,EQUITY,Google,IE00B4QNHH68,DL2P,London,Trading - Leveraged/Inverse Equity,GBX,LON:DL2P,
ETFS DAX Daily 2x Short GO ETF GBP,ETF,EQUITY,Google,IE00B4QNHZ41,DS2P,London,Trading - Leveraged/Inverse Equity,GBX,LON:DS2P,
ETFS DAXglobal Gold Mining GO ETF GBP,ETF,EQUITY,Google,IE00B3CNHG25,AUCP,London,Sector Equity Precious Metals,GBX,LON:AUCP,
ETFS FTSE 100 Leveraged Daily 2x GO ETF,ETF,EQUITY,Google,IE00B4QNJJ23,LUK2,London,Trading - Leveraged/Inverse Equity,GBX,LON:LUK2,
ETFS FTSE 100 SuperShrtStratDly2x GO ETF,ETF,EQUITY,Google,IE00B4QNK008,SUK2,London,Trading - Leveraged/Inverse Equity,GBX,LON:SUK2,
ETFS GBP Daily Hdg Brent Crude Oil ETC,ETF,COMMODITIES,Google,JE00B766LB87,PBRT,London,Commodities - Energy,GBX,LON:PBRT,
ETFS GBP Daily Hdgd All Comm DJ-UBS ETC,ETF,COMMODITIES,Google,JE00B6S1W779,PALL,London,Commodities - Broad Basket,GBX,LON:PALL,
ETFS Gold Bullion Securities ETC GBP,ETF,COMMODITIES,Google,GB00B00FHZ82,GBSS,London,Commodities - Precious Metals,GBX,LON:GBSS,
ETFS Gold ETC GBP,ETF,COMMODITIES,Google,GB00B15KXX56,BULP,London,Commodities - Precious Metals,GBX,LON:BULP,
ETFS Grains ETC GBP,ETF,COMMODITIES,Google,GB00B15KYL00,AGGP,London,Commodities - Grains,GBX,LON:AGGP,
ETFS Long AUD Short GBP,ETF,FX,Google,JE00B3S7BB10,GBAU,London,Other,GBX,LON:GBAU,
ETFS Long AUD Short USD GBP,ETF,FX,Google,JE00B68GQH02,AUDP,London,Other,GBX,LON:AUDP,
ETFS Long CAD Short GBP,ETF,FX,Google,JE00B3X07W84,GBCA,London,Other,GBX,LON:GBCA,
ETFS Long CAD Short USD GBP,ETF,FX,Google,JE00B68GRL13,CADP,London,Other,GBX,LON:CADP,
ETFS Long CHF Short GBP,ETF,FX,Google,JE00B3SX3R93,GBCH,London,Other,GBX,LON:GBCH,
ETFS Long CHF Short USD GBP,ETF,FX,Google,JE00B68GVR52,CHFP,London,Other,GBX,LON:CHFP,
ETFS Long EUR Short GBP,ETF,FX,Google,JE00B3Y3SZ64,GBUR,London,Other,GBX,LON:GBUR,
ETFS Long GBP Short USD GBP,ETF,FX,Google,JE00B68GR111,GBPP,London,Other,GBX,LON:GBPP,
ETFS Long JPY Short GBP,ETF,FX,Google,JE00B3XR4V72,GBJP,London,Other,GBX,LON:GBJP,
ETFS Long JPY Short USD GBP,ETF,FX,Google,JE00B68GSP26,JPYP,London,Other,GBX,LON:JPYP,
ETFS Long NOK Short GBP,ETF,FX,Google,JE00B3S5RB71,GBNO,London,Other,GBX,LON:GBNO,
ETFS Long NOK Short USD GBP,ETF,FX,Google,JE00B68GTQ08,NOKP,London,Other,GBX,LON:NOKP,
ETFS Long NZD Short GBP,ETF,FX,Google,JE00B45W1502,GBNZ,London,Other,GBX,LON:GBNZ,
ETFS Long NZD Short USD GBP,ETF,FX,Google,JE00B68GT711,NZDP,London,Other,GBX,LON:NZDP,
ETFS Long USD Short GBP,ETF,FX,Google,JE00B3WPFZ34,GBUS,London,Other,GBX,LON:GBUS,
ETFS Longer Dated All Commodities GO ETF GBP,ETF,COMMODITIES,Google,IE00B4WPHX27,CMFP,London,Commodities - Broad Basket,GBX,LON:CMFP,
ETFS Natural Gas ETC GBP,ETF,COMMODITIES,Google,GB00B15KY104,NGSP,London,Commodities - Energy,GBX,LON:NGSP,
ETFS Physical Gold GBP,ETF,COMMODITIES,Google,JE00B1VS3770,PHGP,London,Commodities - Precious Metals,GBX,LON:PHGP,
ETFS Physical PM Basket ETC GBP,ETF,COMMODITIES,Google,JE00B1VS3W29,PHPP,London,Commodities - Precious Metals,GBX,LON:PHPP,
ETFS Physical Silver ETC GBP,ETF,COMMODITIES,Google,JE00B1VS3333,PHSP,London,Commodities - Precious Metals,GBX,LON:PHSP,
ETFS Russell 2000 US Small Cap GO ETF GBP,ETF,EQUITY,Google,IE00B3CNHJ55,RTWP,London,US Small-Cap Equity,GBX,LON:RTWP,
ETFS Short AUD Long GBP,ETF,FX,Google,JE00B3WMCJ71,AUGB,London,Other,GBX,LON:AUGB,
ETFS Short AUD Long USD GBP,ETF,FX,Google,JE00B68GQZ83,SAUP,London,Other,GBX,LON:SAUP,
ETFS Short CAD Long GBP,ETF,FX,Google,JE00B3XY7H57,CAGB,London,Other,GBX,LON:CAGB,
ETFS Short CAD Long USD GBP,ETF,FX,Google,JE00B68GS291,SCDP,London,Other,GBX,LON:SCDP,
ETFS Short CHF Long GBP,ETF,FX,Google,JE00B3NKMM36,CHGB,London,Other,GBX,LON:CHGB,
ETFS Short CHF Long USD GBP,ETF,FX,Google,JE00B68GVT76,SCHP,London,Other,GBX,LON:SCHP,
ETFS Short EUR Long GBP,ETF,FX,Google,JE00B45CYD99,URGB,London,Other,GBX,LON:URGB,
ETFS Short EUR Long USD GBP,ETF,FX,Google,JE00B68GSM94,SEUP,London,Other,GBX,LON:SEUP,
ETFS Short GBP Long USD GBP,ETF,FX,Google,JE00B68GRJ90,USD2,London,Other,GBX,LON:USD2,
ETFS Short JPY Long GBP,ETF,FX,Google,JE00B3QBQJ84,JPGB,London,Other,GBX,LON:JPGB,
ETFS Short JPY Long USD GBP,ETF,FX,Google,JE00B68GT596,SJPP,London,Other,GBX,LON:SJPP,
ETFS Short NZD Long GBP,ETF,FX,Google,JE00B3YHSG97,NZGB,London,Other,GBX,LON:NZGB,
ETFS Short SEK Long GBP,ETF,FX,Google,JE00B3TK4N26,SKGB,London,Other,GBX,LON:SKGB,
ETFS Short SEK Long USD GBP,ETF,FX,Google,JE00B68GV865,SSEP,London,Other,GBX,LON:SSEP,
ETFS Short USD Long GBP,ETF,FX,Google,JE00B438PT24,USGB,London,Other,GBX,LON:USGB,
ETFS Silver ETC,ETF,COMMODITIES,Google,GB00B15KY328,SLVR,London,Commodities - Precious Metals,USD,LON:SLVR,
ETFS US Energy Infrastructure MLP GO ETF GBP,ETF,EQUITY,Google,IE00BHZKHS06,MLPX,London,Sector Equity Energy,GBX,LON:MLPX,
ETFS WTI 2mth ETC GBP,ETF,COMMODITIES,Google,GB00B0CTWK84,OLWP,London,Commodities - Energy,GBX,LON:OLWP,
First Trust UK AlphaDEX?A GBP,ETF,EQUITY,Google,IE00B8X9NZ57,FKU,London,UK Large-Cap Blend Equity,GBX,LON:FKU,
First Trust US Lg Cp Cor AlphaDEX?A USD GBP,ETF,EQUITY,Google,IE00B8X9NW27,FEX,London,US Large-Cap Blend Equity,USD,LON:FEX,
FT Emerging Markets AlphaDEX?ETF A USD GBP,ETF,EQUITY,Google,IE00B8X9NX34,FEM,London,Global Emerging Markets Equity,USD,LON:FEM,
HSBC EURO STOXX 50 ETF GBP,ETF,EQUITY,Google,IE00B4K6B022,H50E,London,Eurozone Large-Cap Equity,GBX,LON:H50E,
HSBC FTSE 100 ETF,ETF,EQUITY,Google,IE00B42TW061,HUKX,London,UK Large-Cap Blend Equity,GBX,LON:HUKX,
HSBC FTSE 250 ETF,ETF,EQUITY,Google,IE00B64PTF05,HMCX,London,UK Mid-Cap Equity,GBX,LON:HMCX,
HSBC FTSE EPRA/NAREIT Developed ETF GBP,ETF,PROPERTY,Google,IE00B5L01S80,HPRO,London,Property - Indirect Global,USD,LON:HPRO,
HSBC MSCI AC FAR EAST ex JAPAN ETF GBP,ETF,EQUITY,Google,IE00BBQ2W338,HMAF,London,Asia ex Japan Equity,USD,LON:HMAF,
HSBC MSCI Brazil ETF GBP,ETF,EQUITY,Google,IE00B5W34K94,HBRL,London,Brazil Equity,GBX,LON:HBRL,
HSBC MSCI Canada ETF GBP,ETF,EQUITY,Google,IE00B51B7Z02,HCAN,London,Canada Equity,USD,LON:HCAN,
HSBC MSCI China ETF GBP,ETF,EQUITY,Google,IE00B44T3H88,HMCH,London,China Equity,USD,LON:HMCH,
HSBC MSCI EM Far East ETF GBP,ETF,EQUITY,Google,IE00B5LP3W10,HMFE,London,Asia ex Japan Equity,USD,LON:HMFE,
HSBC MSCI EM LA ETF GBP,ETF,EQUITY,Google,IE00B4TS3815,HMLA,London,Latin America Equity,USD,LON:HMLA,
HSBC MSCI Emerg Mkts ETF GBP,ETF,EQUITY,Google,IE00B5SSQT16,HMEF,London,Global Emerging Markets Equity,USD,LON:HMEF,
HSBC MSCI Europe ETF GBP,ETF,EQUITY,Google,IE00B5BD5K76,HMEU,London,Europe Large-Cap Blend Equity,GBX,LON:HMEU,
HSBC MSCI Indonesia ETF GBP,ETF,EQUITY,Google,IE00B46G8275,HIDR,London,Indonesia Equity,USD,LON:HIDR,
HSBC MSCI JAPAN ETF GBP,ETF,EQUITY,Google,IE00B5VX7566,HMJP,London,Japan Large-Cap Equity,USD,LON:HMJP,
HSBC MSCI Korea ETF GBP,ETF,EQUITY,Google,IE00B3Z0X395,HKOR,London,Korea Equity,USD,LON:HKOR,
HSBC MSCI Malaysia ETF GBP,ETF,EQUITY,Google,IE00B3X3R831,HMYR,London,Other Asia-Pacific Equity,USD,LON:HMYR,
HSBC MSCI Mexico Capped ETF GBP,ETF,EQUITY,Google,IE00B3QMYK80,HMEX,London,Other Americas Equity,USD,LON:HMEX,
HSBC MSCI Pacific ex Japan ETF GBP,ETF,EQUITY,Google,IE00B5SG8Z57,HMXJ,London,Asia-Pacific ex-Japan Equity,USD,LON:HMXJ,
HSBC MSCI Russia Capped ETF GBP,ETF,EQUITY,Google,IE00B5LJZQ16,HRUB,London,Russia Equity,USD,LON:HRUB,
HSBC MSCI Turkey ETF GBP,ETF,EQUITY,Google,IE00B5BRQB73,HTRY,London,Turkey Equity,USD,LON:HTRY,
HSBC MSCI USA ETF GBP,ETF,EQUITY,Google,IE00B5WFQ436,HMUS,London,US Large-Cap Blend Equity,USD,LON:HMUS,
HSBC MSCI World ETF GBP,ETF,EQUITY,Google,IE00B4X9L533,HMWO,London,Global Large-Cap Blend Equity,USD,LON:HMWO,
HSBC S&P 500 ETF GBP,ETF,EQUITY,Google,IE00B5KQNG97,HSPX,London,US Large-Cap Blend Equity,USD,LON:HSPX,
iShares $ High Yld Corp Bd USD Dist JDR GBP,ETF,BOND,Google,IE00B4PY7Y77,SHYU,London,USD High Yield Bond,GBP,LON:SHYU,
iShares $ TIPS GBP,ETF,BOND,Google,IE00B1FZSC47,ITPS,London,USD Inflation-Linked Bond,USD,LON:ITPS,
iShares $ Treasury Bond 1-3yr GBP,ETF,BOND,Google,IE00B14X4S71,IBTS,London,USD Government Bond,USD,LON:IBTS,
iShares $ Treasury Bond 3-7yr USD Acc GBP,ETF,BOND,Google,IE00B3VWN393,CU71,London,USD Government Bond,GBX,LON:CU71,
iShares $ Treasury Bond 7-10yr GBP,ETF,BOND,Google,IE00B1FZS798,IBTM,London,USD Government Bond,USD,LON:IBTM,
iShares $ Treasury Bond 7-10yr USD Acc GBP,ETF,BOND,Google,IE00B3VWN518,CU01,London,USD Government Bond,GBX,LON:CU01,
iShares àCorp Bond 0-5yr GBP Dist,ETF,BOND,Google,IE00B5L65R35,IS15,London,GBP Corporate Bond,EUR,LON:IS15,
iShares àCorp Bond ex-Fincls GBP Dist,ETF,BOND,Google,IE00B4L60H17,ISXF,London,GBP Corporate Bond,EUR,LON:ISXF,
iShares àIndex-Linked Gilts GBP Dist,ETF,BOND,Google,IE00B1FZSD53,INXG,London,GBP Inflation-Linked Bond,GBP,LON:INXG,
iShares àUltrashort Bond GBP Dist,ETF,BOND,Google,IE00BCRY6441,ERNS,London,GBP Diversified Bond - Short Term,GBP,LON:ERNS,
iShares  Aggregate Bond EUR Dist GBP,ETF,BOND,Google,IE00B3DKXQ41,SEAG,London,EUR Diversified Bond,GBP,LON:SEAG,
iShares  Corp Bd ex-Fincls 1-5yr  Dist GBP,ETF,BOND,Google,IE00B4L5ZY03,EEX5,London,EUR Corporate Bond - Short Term,GBP,LON:EEX5,
iShares  Corp Bond 1-5yr EUR Dist GBP,ETF,BOND,Google,IE00B4L60045,SE15,London,EUR Corporate Bond - Short Term,GBP,LON:SE15,
iShares  Corp Bond ex-Fincls EUR Dist GBP,ETF,BOND,Google,IE00B4L5ZG21,EEXF,London,EUR Corporate Bond,GBP,LON:EEXF,
iShares  Covered Bond EUR Dist GBP,ETF,BOND,Google,IE00B3B8Q275,SCOV,London,EUR Corporate Bond,GBP,LON:SCOV,
iShares  Govt Bond 10-15yr EUR Dist GBP,ETF,BOND,Google,IE00B4WXJH41,IBGZ,London,EUR Bond - Long Term,GBP,LON:IBGZ,
iShares  Govt Bond 5-7yr EUR Dist GBP,ETF,BOND,Google,IE00B4WXJG34,IBGY,London,EUR Government Bond,GBP,LON:IBGY,
iShares  High Yield Corp Bond EUR Dist GBP,ETF,BOND,Google,IE00B66F4759,SHYG,London,EUR High Yield Bond,GBP,LON:SHYG,
iShares  Inflation Lnkd Govt Bd EUR Acc GBP,ETF,BOND,Google,IE00B0M62X26,IBCI,London,EUR Inflation-Linked Bond,EUR,LON:IBCI,
iShares AEX EUR Dist GBP,ETF,EQUITY,Google,IE00B0M62Y33,IAEX,London,Netherlands Equity,GBX,LON:IAEX,
iShares Agribusiness USD Acc GBP,ETF,EQUITY,Google,IE00B6R52143,SPAG,London,Sector Equity Agriculture,GBX,LON:SPAG,
iShares Asia Pacific Dividend GBP,ETF,EQUITY,Google,IE00B14X4T88,IAPD,London,Asia-Pacific inc. Japan Equity,USD,LON:IAPD,
iShares Asia Property Yield GBP,ETF,PROPERTY,Google,IE00B1FZS244,IASP,London,Property - Indirect Asia,USD,LON:IASP,
iShares BRIC 50 GBP,ETF,EQUITY,Google,IE00B1W57M07,BRIC,London,BRIC Equity,USD,LON:BRIC,
iShares China Large Cap GBP,ETF,EQUITY,Google,IE00B02KXK85,FXC,London,China Equity,USD,LON:FXC,
iShares Core àCorp Bond GBP Dist,ETF,BOND,Google,IE00B00FV011,SLXX,London,GBP Corporate Bond,GBP,LON:SLXX,
iShares Core  Govt Bond EUR Dist GBP,ETF,BOND,Google,IE00B4WXJJ64,SEGA,London,EUR Government Bond,GBP,LON:SEGA,
iShares Core EURO STOXX 50 EUR Acc GBP,ETF,EQUITY,Google,IE00B53L3W79,CS51,London,Eurozone Large-Cap Equity,GBX,LON:CS51,
iShares Core FTSE 100 GBP Dist,ETF,EQUITY,Google,IE0005042456,ISF,London,UK Large-Cap Blend Equity,GBX,LON:ISF,
iShares Core MSCI EM IMI USD Acc GBP,ETF,EQUITY,Google,IE00BKM4GZ66,EMIM,London,Global Emerging Markets Equity,USD,LON:EMIM,
iShares Core MSCI Japan IMI USD Acc GBP,ETF,EQUITY,Google,IE00B4L5YX21,SJPA,London,Japan Large-Cap Equity,GBX,LON:SJPA,
iShares Core MSCI Pacific ex-Jpn USD Acc GBP,ETF,EQUITY,Google,IE00B52MJY50,CPJ1,London,Asia-Pacific ex-Japan Equity,GBX,LON:CPJ1,
iShares Core MSCI World USD Acc GBP,ETF,EQUITY,Google,IE00B4L5Y983,SWDA,London,Global Large-Cap Blend Equity,GBX,LON:SWDA,
iShares Core S&P 500 USD (Acc) GBP,ETF,EQUITY,Google,IE00B5BMR087,CSP1,London,US Large-Cap Blend Equity,GBX,LON:CSP1,
iShares Core UK Gilts GBP Dist,ETF,BOND,Google,IE00B1FZSB30,IGLT,London,GBP Government Bond,GBP,LON:IGLT,
iShares Developed Markets Property Yld GBP,ETF,PROPERTY,Google,IE00B1FZS350,IWDP,London,Property - Indirect Global,USD,LON:IWDP,
iShares Dow Jones Glbl Sstnbty Scrnd$Acc GBP,ETF,EQUITY,Google,IE00B57X3V84,IGSG,London,Global Large-Cap Blend Equity,GBX,LON:IGSG,
iShares Dow Jones Industrial Avg USD Acc GBP,ETF,EQUITY,Google,IE00B53L4350,CID1,London,US Large-Cap Blend Equity,GBX,LON:CID1,
iShares Edge MSCI EM Minimum Vol USD Acc GBP,ETF,EQUITY,Google,IE00B8KGV557,EMV,London,Global Emerging Markets Equity,USD,LON:EMV,
iShares Edge MSCI Europe Min Vol EUR Acc GBP,ETF,EQUITY,Google,IE00B86MWN23,IMV,London,Europe Large-Cap Blend Equity,EUR,LON:IMV,
iShares Edge MSCI Wld Mom Fctr USD Acc GBP,ETF,EQUITY,Google,IE00BP3QZ825,IWFM,London,Global Large-Cap Blend Equity,GBX,LON:IWFM,
iShares Edge MSCI Wld Qual Fctr USD Acc GBP,ETF,EQUITY,Google,IE00BP3QZ601,IWFQ,London,Global Large-Cap Blend Equity,GBX,LON:IWFQ,
iShares Edge MSCI Wld Size Fctr USD Acc GBP,ETF,EQUITY,Google,IE00BP3QZD73,IWFS,London,Global Small-Cap Equity,GBX,LON:IWFS,
iShares Edge MSCI World Min Vol USD Acc GBP,ETF,EQUITY,Google,IE00B8FHGS14,MINV,London,Global Large-Cap Blend Equity,USD,LON:MINV,
iShares Edge S&P 500 Min Vol USD (Acc) GBP,ETF,EQUITY,Google,IE00B6SPMN59,MVUS,London,US Large-Cap Blend Equity,USD,LON:MVUS,
iShares EM Dividend USD Dist GBP,ETF,EQUITY,Google,IE00B652H904,SEDY,London,Global Emerging Markets Equity,GBX,LON:SEDY,
iShares EM Local Govt Bond USD Dist GBP,ETF,BOND,Google,IE00B5M4WH52,SEML,London,Global Emerging Markets Bond - Local Currency,GBP,LON:SEML,
iShares Emerg Asia Lcl Govt Bd USD Dist GBP,ETF,BOND,Google,IE00B6QGFW01,SGEA,London,Global Emerging Markets Bond - Local Currency,GBP,LON:SGEA,
iShares Emerging Market Infrastructure GBP,ETF,EQUITY,Google,IE00B2NPL135,IEMI,London,Sector Equity Infrastructure,USD,LON:IEMI,
iShares EURO Dividend GBP,ETF,EQUITY,Google,IE00B0M62S72,IDVY,London,Eurozone Large-Cap Equity,GBX,LON:IDVY,
iShares Euro Government Bond 1-3yr GBP,ETF,BOND,Google,IE00B14X4Q57,IBGS,London,EUR Government Bond - Short Term,GBP,LON:IBGS,
iShares Euro Government Bond 15-30yr GBP,ETF,BOND,Google,IE00B1FZS913,IBGL,London,EUR Bond - Long Term,EUR,LON:IBGL,
iShares Euro Government Bond 3-5yr GBP,ETF,BOND,Google,IE00B1FZS681,IBGX,London,EUR Government Bond,EUR,LON:IBGX,
iShares Euro Government Bond 7-10yr GBP,ETF,BOND,Google,IE00B1FZS806,IBGM,London,EUR Government Bond,EUR,LON:IBGM,
iShares EURO STOXX 50 Dist GBP,ETF,EQUITY,Google,IE0008471009,EUE,London,Eurozone Large-Cap Equity,GBX,LON:EUE,
iShares EURO STOXX Mid GBP,ETF,EQUITY,Google,IE00B02KXL92,DJMC,London,Eurozone Mid-Cap Equity,GBX,LON:DJMC,
iShares EURO STOXX Small GBP,ETF,EQUITY,Google,IE00B02KXM00,DJSC,London,Eurozone Mid-Cap Equity,GBX,LON:DJSC,
iShares EURO Total Market Growth Large GBP,ETF,EQUITY,Google,IE00B0M62V02,IDJG,London,Eurozone Large-Cap Equity,GBX,LON:IDJG,
iShares EURO Total Market Value Large GBP,ETF,EQUITY,Google,IE00B0M62T89,IDJV,London,Eurozone Large-Cap Equity,GBX,LON:IDJV,
iShares European Property Yield GBP,ETF,PROPERTY,Google,IE00B0M63284,IPRP,London,Property - Indirect Europe,GBX,LON:IPRP,
iShares Finland Govt Bond EUR Dist GBP,ETF,BOND,Google,IE00B5SH2232,SFIN,London,EUR Government Bond,GBP,LON:SFIN,
iShares FTSE 100 GBP Acc GBP,ETF,EQUITY,Google,IE00B53HP851,CUKX,London,UK Large-Cap Blend Equity,GBX,LON:CUKX,
iShares FTSE 250 GBP Dist,ETF,EQUITY,Google,IE00B00FV128,MIDD,London,UK Mid-Cap Equity,GBX,LON:MIDD,
iShares FTSE MIB EUR Acc GBP,ETF,EQUITY,Google,IE00B53L4X51,CMB1,London,Italy Equity,GBX,LON:CMB1,
iShares FTSE MIB EUR Dist GBP,ETF,EQUITY,Google,IE00B1XNH568,IMIB,London,Italy Equity,GBX,LON:IMIB,
iShares FTSEurofirst 100 EUR Dist GBP,ETF,EQUITY,Google,IE0030974079,IEUT,London,Europe Large-Cap Blend Equity,GBX,LON:IEUT,
iShares FTSEurofirst 80 EUR Dist GBP,ETF,EQUITY,Google,IE0004855221,IEUR,London,Eurozone Large-Cap Equity,GBX,LON:IEUR,
iShares Germany Govt Bond EUR Dist GBP,ETF,BOND,Google,IE00B5V94313,SDEU,London,EUR Government Bond,GBP,LON:SDEU,
iShares Global AAA-AA Govt Bond USD Dist GBP,ETF,BOND,Google,IE00B87G8S03,SAAA,London,Global Bond,USD,LON:SAAA,
iShares Global Clean Energy GBP,ETF,EQUITY,Google,IE00B1XNHC34,INRG,London,Sector Equity Alternative Energy,USD,LON:INRG,
iShares Global Corp Bond USD Dist GBP,ETF,BOND,Google,IE00B7J7TB45,CRPS,London,Global Corporate Bond,USD,LON:CRPS,
iShares Global Govt Bond USD Dist GBP,ETF,BOND,Google,IE00B3F81K65,SGLO,London,Global Bond,GBP,LON:SGLO,
iShares Global Hi Yld Corp Bd GBP H Dist,ETF,BOND,Google,IE00B8KQFS66,GHYS,London,Global High Yield Bond - GBP Hedged,GBP,LON:GHYS,
iShares Global HY Corp Bd USD Dist GBP,ETF,BOND,Google,IE00B74DQ490,IGHY,London,Global High Yield Bond,USD,LON:IGHY,
iShares Global Infl Lnkd Govt Bd USD Acc GBP,ETF,BOND,Google,IE00B3B8PX14,SGIL,London,Global Inflation-Linked Bond,GBP,LON:SGIL,
iShares Global Infrastructure GBP,ETF,EQUITY,Google,IE00B1FZS467,INFR,London,Sector Equity Infrastructure,USD,LON:INFR,
iShares Global Timber & Forestry GBP,ETF,EQUITY,Google,IE00B27YCF74,WOOD,London,Sector Equity Natural Resources,USD,LON:WOOD,
iShares Global Water GBP,ETF,EQUITY,Google,IE00B1TXK627,IH2O,London,Sector Equity Water,GBX,LON:IH2O,
iShares Gold Producers USD Acc GBP,ETF,EQUITY,Google,IE00B6R52036,SPGP,London,Sector Equity Precious Metals,GBX,LON:SPGP,
iShares Italy Govt Bond EUR Dist GBP,ETF,BOND,Google,IE00B7LW6Y90,SITB,London,EUR Government Bond,GBP,LON:SITB,
iShares JP Morgan $ EM Bond USD Dist GBP,ETF,BOND,Google,IE00B2NPKV68,SEMB,London,Global Emerging Markets Bond,GBX,LON:SEMB,
iShares Listed Private Equity GBP,ETF,EQUITY,Google,IE00B1TXHL60,IPRV,London,Sector Equity Private Equity,USD,LON:IPRV,
iShares MSCI AC Far East ex-Japan GBP,ETF,EQUITY,Google,IE00B0M63730,IFFF,London,Asia ex Japan Equity,USD,LON:IFFF,
iShares MSCI AC FarEast ex-Jpn SmCap$Dit GBP,ETF,EQUITY,Google,IE00B2QWDR12,ISFE,London,Asia ex-Japan Small/Mid-Cap Equity,USD,LON:ISFE,
iShares MSCI ACWI USD Acc GBP,ETF,EQUITY,Google,IE00B6R52259,SSAC,London,Global Large-Cap Blend Equity,GBX,LON:SSAC,
iShares MSCI Australia USD Acc GBP,ETF,EQUITY,Google,IE00B5377D42,SAUS,London,Australia & New Zealand Equity,GBX,LON:SAUS,
iShares MSCI Brazil Dist GBP,ETF,EQUITY,Google,IE00B0M63516,IBZL,London,Brazil Equity,USD,LON:IBZL,
iShares MSCI Canada USD Acc GBP,ETF,EQUITY,Google,IE00B52SF786,CSCA,London,Canada Equity,USD,LON:CSCA,
iShares MSCI Eastern Europe Capped GBP,ETF,EQUITY,Google,IE00B0M63953,IEER,London,Emerging Europe Equity,USD,LON:IEER,
iShares MSCI EM Asia USD Acc GBP,ETF,EQUITY,Google,IE00B5L8K969,CEA1,London,Asia ex Japan Equity,GBX,LON:CEA1,
iShares MSCI EM Latin America Dist GBP,ETF,EQUITY,Google,IE00B27YCK28,LTAM,London,Latin America Equity,USD,LON:LTAM,
iShares MSCI EM Small Cap USD Dist GBP,ETF,EQUITY,Google,IE00B3F81G20,SEMS,London,Global Emerging Markets Small/Mid-Cap Equity,GBX,LON:SEMS,
iShares MSCI Emerging Markets (Acc) GBP,ETF,EQUITY,Google,IE00B4L5YC18,SEMA,London,Global Emerging Markets Equity,GBX,LON:SEMA,
iShares MSCI Emerging Markets Dist GBP,ETF,EQUITY,Google,IE00B0M63177,IEEM,London,Global Emerging Markets Equity,USD,LON:IEEM,
iShares MSCI EMU Small Cap EUR Acc GBP,ETF,EQUITY,Google,IE00B3VWMM18,CES1,London,Eurozone Small-Cap Equity,GBX,LON:CES1,
iShares MSCI Europe Dist GBP,ETF,EQUITY,Google,IE00B1YZSC51,IMEU,London,Europe Large-Cap Blend Equity,GBX,LON:IMEU,
iShares MSCI Europe EUR Acc GBP,ETF,EQUITY,Google,IE00B4K48X80,SMEA,London,Europe Large-Cap Blend Equity,GBX,LON:SMEA,
iShares MSCI Europe ex-UK EUR Dist GBP,ETF,EQUITY,Google,IE00B14X4N27,IEUX,London,Europe ex-UK Large-Cap Equity,GBX,LON:IEUX,
iShares MSCI Europe SRI EUR Acc GBP,ETF,EQUITY,Google,IE00B52VJ196,IESG,London,Europe Large-Cap Blend Equity,GBX,LON:IESG,
iShares MSCI GCC ex-Saudi Arabia GBP,ETF,EQUITY,Google,IE00B3F81623,SGCC,London,Other Africa & Middle East Equity,GBX,LON:SGCC,
iShares MSCI Japan GBP Hedged Acc,ETF,EQUITY,Google,IE00B02KXH56,IJPN,London,Japan Equity - Currency Hedged,USD,LON:IJPN,
iShares MSCI Japan Small Cap USD Dist GBP,ETF,EQUITY,Google,IE00B7XYN974,IJPH,London,Japan Small/Mid-Cap Equity,GBP,LON:IJPH,
iShares MSCI Japan USD Acc GBP,ETF,EQUITY,Google,IE00B2QWDY88,ISJP,London,Japan Large-Cap Equity,GBX,LON:ISJP,
iShares MSCI Japan USD Dist GBP,ETF,EQUITY,Google,IE00B53QDK08,CSJP,London,Japan Large-Cap Equity,USD,LON:CSJP,
iShares MSCI Korea Dist GBP,ETF,EQUITY,Google,IE00B0M63391,IKOR,London,Korea Equity,USD,LON:IKOR,
iShares MSCI Korea USD Acc GBP,ETF,EQUITY,Google,IE00B5W4TY14,CKR1,London,Korea Equity,GBX,LON:CKR1,
iShares MSCI Mexico Capped USD Acc GBP,ETF,EQUITY,Google,IE00B5WHFQ43,CMX1,London,Other Americas Equity,GBX,LON:CMX1,
iShares MSCI North America GBP,ETF,EQUITY,Google,IE00B14X4M10,INAA,London,US Large-Cap Blend Equity,USD,LON:INAA,
iShares MSCI Pacific ex-Japan USD Dist GBP,ETF,EQUITY,Google,IE00B4WXJD03,SPXJ,London,Asia-Pacific ex-Japan Equity,GBX,LON:SPXJ,
iShares MSCI Poland USD Acc GBP,ETF,EQUITY,Google,IE00B4M7GH52,SPOL,London,Poland Equity,GBX,LON:SPOL,
iShares MSCI Russia ADR/GDR USD Acc GBP,ETF,EQUITY,Google,IE00B5V87390,CRU1,London,Russia Equity,GBX,LON:CRU1,
iShares MSCI South Africa USD Acc GBP,ETF,EQUITY,Google,IE00B52XQP83,SRSA,London,South Africa & Namibia Equity,GBX,LON:SRSA,
iShares MSCI Taiwan USD Dist GBP,ETF,EQUITY,Google,IE00B0M63623,ITWN,London,Taiwan Large-Cap Equity,USD,LON:ITWN,
iShares MSCI Turkey GBP,ETF,EQUITY,Google,IE00B1FZS574,ITKY,London,Turkey Equity,USD,LON:ITKY,
iShares MSCI UK Small Cap GBP Acc GBP,ETF,EQUITY,Google,IE00B3VWLG82,CUKS,London,UK Small-Cap Equity,GBX,LON:CUKS,
iShares MSCI USA Small Cap USD Acc GBP,ETF,EQUITY,Google,IE00B3VWM098,CUS1,London,US Small-Cap Equity,GBX,LON:CUS1,
iShares MSCI World GBP Hedged Acc,ETF,EQUITY,Google,IE00B42YS929,IGWD,London,Global Large-Cap Blend Equity,GBX,LON:IGWD,
iShares MSCI World USD Dist GBP,ETF,EQUITY,Google,IE00B0M62Q58,IWRD,London,Global Large-Cap Blend Equity,USD,LON:IWRD,
iShares NASDAQ 100 USD Acc GBP,ETF,EQUITY,Google,IE00B53SZB19,CNX1,London,US Large-Cap Growth Equity,GBX,LON:CNX1,
iShares Nikkei 225 JPY Acc GBP,ETF,EQUITY,Google,IE00B52MJD48,CNKY,London,Japan Large-Cap Equity,GBX,LON:CNKY,
iShares Oil & Gas Explor&Prodtn USD Acc GBP,ETF,EQUITY,Google,IE00B6R51Z18,SPOG,London,Sector Equity Natural Resources,GBX,LON:SPOG,
iShares Physical Gold ETC GBP,ETF,COMMODITIES,Google,IE00B4ND3602,SGLN,London,Commodities - Precious Metals,GBX,LON:SGLN,
iShares Physical Palladium ETC GBP,ETF,COMMODITIES,Google,IE00B4556L06,SPDM,London,Commodities - Precious Metals,GBX,LON:SPDM,
iShares Physical Platinum ETC GBP,ETF,COMMODITIES,Google,IE00B4LHWP62,SPLT,London,Commodities - Precious Metals,GBX,LON:SPLT,
iShares Physical Silver ETC GBP,ETF,COMMODITIES,Google,IE00B4NCWG09,SSLN,London,Commodities - Precious Metals,GBX,LON:SSLN,
iShares S&P 500 GBP Hedged Acc,ETF,EQUITY,Google,IE00B3Y8X563,IGUS,London,US Equity - Currency Hedged,GBX,LON:IGUS,
iShares S&P 500 USD (Dist) GBP,ETF,EQUITY,Google,IE0031442068,IUSA,London,US Large-Cap Blend Equity,USD,LON:IUSA,
iShares S&P Small Cap 600 USD Dist GBP,ETF,EQUITY,Google,IE00B2QWCY14,ISP6,London,US Small-Cap Equity,USD,LON:ISP6,
iShares Spain Govt Bond EUR Dist GBP,ETF,BOND,Google,IE00B428Z604,SESP,London,EUR Government Bond,GBP,LON:SESP,
iShares STOXX Europe 50 GBP,ETF,EQUITY,Google,IE0008470928,EUN,London,Europe Large-Cap Blend Equity,GBX,LON:EUN,
iShares UK Dividend GBP Dist,ETF,EQUITY,Google,IE00B0M63060,IUKD,London,UK Equity Income,GBX,LON:IUKD,
iShares UK Gilts 0-5yr GBP Dist,ETF,BOND,Google,IE00B4WXJK79,IGLS,London,GBP Government Bond,GBP,LON:IGLS,
iShares UK Property GBP Dist,ETF,PROPERTY,Google,IE00B1TXLS18,IUKP,London,Property - Indirect Other,GBX,LON:IUKP,
iShares US Aggregate Bond USD Dist GBP,ETF,BOND,Google,IE00B44CGS96,SUAG,London,USD Diversified Bond,GBP,LON:SUAG,
iShares US Property Yield GBP,ETF,PROPERTY,Google,IE00B1FZSF77,IUSP,London,Property - Indirect North America,USD,LON:IUSP,
Lyxor Australia (S&P/ASX 200) ETF D USD GBP,ETF,EQUITY,Google,LU0496787036,LAUS,London,Australia & New Zealand Equity,GBX,LON:LAUS,
Lyxor Brazil (Ibovespa) ETF C-USD GBP,ETF,EQUITY,Google,FR0010413294,RIOL,London,Brazil Equity,USD,LON:RIOL,
Lyxor China Enterprise (HSCEI) ETF C-USD GBP,ETF,EQUITY,Google,FR0010581413,ASIL,London,China Equity,USD,LON:ASIL,
Lyxor Comd Thm R/C CRB exEngTR ETF C-$ GBP,ETF,COMMODITIES,Google,FR0010358887,CRNL,London,Commodities - Broad Basket,USD,LON:CRNL,
Lyxor Commodit Thm R/C CRB TR ETF C-USD GBP,ETF,COMMODITIES,Google,FR0010318998,CRBL,London,Commodities - Broad Basket,USD,LON:CRBL,
Lyxor East Eurp CECE NTR EUR ETF C GBP,ETF,EQUITY,Google,FR0010204073,CECL,London,Emerging Europe ex-Russia Equity,USD,LON:CECL,
Lyxor ETF Dow Jones Industr Avrg D A/I GBP,ETF,EQUITY,Google,FR0007056841,DJEL,London,US Large-Cap Blend Equity,USD,LON:DJEL,
Lyxor Euro Stoxx 50 (DR) ETF C EUR GBP,ETF,EQUITY,Google,LU0908501215,MSED,London,Eurozone Large-Cap Equity,GBX,LON:MSED,
Lyxor FTSE 100 ETF C-GBP,ETF,EQUITY,Google,FR0010438127,L100,London,UK Large-Cap Blend Equity,GBX,LON:L100,
Lyxor FTSE 250 ETF A/I,ETF,EQUITY,Google,FR0010438135,L250,London,UK Mid-Cap Equity,GBX,LON:L250,
Lyxor FTSE All Share ETF A/I,ETF,EQUITY,Google,FR0010438150,LFAS,London,UK Large-Cap Blend Equity,GBX,LON:LFAS,
Lyxor Japan TOPIX DR ETF D-EUR A/I GBP,ETF,EQUITY,Google,FR0010245514,JPNL,London,Japan Large-Cap Equity,USD,LON:JPNL,
Lyxor JPX-Nikkei 400 DR ETF C-EUR GBP,ETF,EQUITY,Google,FR0012144582,JPXG,London,Japan Large-Cap Equity,GBX,LON:JPXG,
Lyxor Kuwait FTSE Coast Kuwait40 ETF A/I GBP,ETF,EQUITY,Google,FR0010614834,LKUW,London,Other Africa & Middle East Equity,GBX,LON:LKUW,
Lyxor MSCI AC AsiaPac ex Jap ETF C-USD GBP,ETF,EQUITY,Google,FR0010581439,AEJL,London,Asia-Pacific ex-Japan Equity,GBX,LON:AEJL,
Lyxor MSCI All Country World ETF C-USD GBP,ETF,EQUITY,Google,FR0011093418,ACWL,London,Global Large-Cap Blend Equity,GBX,LON:ACWL,
Lyxor MSCI EM Latin America ETF C-USD GBP,ETF,EQUITY,Google,FR0010413310,LTML,London,Latin America Equity,USD,LON:LTML,
Lyxor MSCI Emerging Markets ETF C-USD GBP,ETF,EQUITY,Google,FR0010435297,LEML,London,Global Emerging Markets Equity,USD,LON:LEML,
Lyxor MSCI India ETF C-USD GBP,ETF,EQUITY,Google,FR0010375766,INRL,London,India Equity,USD,LON:INRL,
Lyxor MSCI Indonesia ETF C-USD GBP,ETF,EQUITY,Google,FR0011070374,INDL,London,Indonesia Equity,GBX,LON:INDL,
Lyxor MSCI Korea ETF C-USD GBP,ETF,EQUITY,Google,FR0010581447,KRWL,London,Korea Equity,GBX,LON:KRWL,
Lyxor MSCI Malaysia ETF USD A/I GBP,ETF,EQUITY,Google,FR0010589069,MALL,London,Other Asia-Pacific Equity,GBX,LON:MALL,
Lyxor MSCI Taiwan ETF C-USD GBP,ETF,EQUITY,Google,FR0010444794,TWND,London,Taiwan Large-Cap Equity,GBX,LON:TWND,
Lyxor MSCI USA ETF D-USD A/I GBP,ETF,EQUITY,Google,FR0010372193,USAL,London,US Large-Cap Blend Equity,USD,LON:USAL,
Lyxor MSCI World Cnsmr Discret TR ETF C$ GBP,ETF,EQUITY,Google,LU0533032180,DISG,London,Sector Equity Consumer Goods & Services,GBX,LON:DISG,
Lyxor MSCI World CnsmrStapl TR ETF C USD GBP,ETF,EQUITY,Google,LU0533032347,STAG,London,Sector Equity Consumer Goods & Services,GBX,LON:STAG,
Lyxor MSCI World Energy TR ETF C USD GBP,ETF,EQUITY,Google,LU0533032776,NRGG,London,Sector Equity Energy,GBX,LON:NRGG,
Lyxor MSCI World ETF D-USD A/I GBP,ETF,EQUITY,Google,FR0010372201,WLDL,London,Global Large-Cap Blend Equity,USD,LON:WLDL,
Lyxor MSCI World Financials TR ETF C USD GBP,ETF,EQUITY,Google,LU0533033071,FING,London,Sector Equity Financial Services,GBX,LON:FING,
Lyxor MSCI World Hlth Care TR ETF C USD GBP,ETF,EQUITY,Google,LU0533033311,HLTG,London,Sector Equity Healthcare,GBX,LON:HLTG,
Lyxor MSCI World Indtls TR ETF C USD GBP,ETF,EQUITY,Google,LU0533033584,INUG,London,Sector Equity Industrial Materials,GBX,LON:INUG,
Lyxor MSCI World Info Tech TR ETF C USD GBP,ETF,EQUITY,Google,LU0533033741,TNOG,London,Sector Equity Technology,GBX,LON:TNOG,
Lyxor MSCI World Materials TR ETF C USD GBP,ETF,EQUITY,Google,LU0533034046,MATG,London,Sector Equity Industrial Materials,GBX,LON:MATG,
Lyxor MSCI World Telecom Svcs TR ETF C$ GBP,ETF,EQUITY,Google,LU0533034392,TELG,London,Sector Equity Communications,GBX,LON:TELG,
Lyxor MSCI World Utilities TR ETF C USD GBP,ETF,EQUITY,Google,LU0533034632,UTIG,London,Sector Equity Utilities,GBX,LON:UTIG,
Lyxor Nasdaq-100 ETF D-USD A/I GBP,ETF,EQUITY,Google,FR0010446930,UST,London,US Large-Cap Growth Equity,GBX,LON:UST,
Lyxor Russell 2000 ETF C-USD GBP,ETF,EQUITY,Google,FR0011119254,RU2K,London,US Small-Cap Equity,GBX,LON:RU2K,
Lyxor Russia (DJ Russia GDR) ETF D-GBP,ETF,EQUITY,Google,FR0011495944,RUSL,London,Russia Equity,USD,LON:RUSL,
Lyxor SG European Qual Inc NTR ETF D EUR GBP,ETF,EQUITY,Google,LU0959210278,SGQG,London,Europe Large-Cap Blend Equity,GBX,LON:SGQG,
Lyxor SG Global Qual Inc NTR ETF C GBP,ETF,EQUITY,Google,LU0855692520,SGQL,London,Global Equity Income,USD,LON:SGQL,
Lyxor SG Global Qual Inc NTR ETF D GBP,ETF,EQUITY,Google,LU0855671011,SGQP,London,Global Equity Income,GBX,LON:SGQP,
Lyxor South Afr (FTSEJSE Top40) ETF CEUR GBP,ETF,EQUITY,Google,FR0010464446,AFSL,London,South Africa & Namibia Equity,USD,LON:AFSL,
Lyxor Stoxx Europe 600 (DR) ETF C EUR GBP,ETF,EQUITY,Google,LU0908500753,MEUD,London,Europe Large-Cap Blend Equity,GBX,LON:MEUD,
Lyxor Thailand (SET50 Net TR) ETF C-USD GBP,ETF,EQUITY,Google,FR0011070440,THA,London,Thailand Equity,GBX,LON:THA,
Lyxor Turkey DJ Turkey Titans 20 ETF A/I GBP,ETF,EQUITY,Google,FR0010326256,TURL,London,Turkey Equity,GBX,LON:TURL,
Lyxor World Water ETF D-EUR A/I GBP,ETF,EQUITY,Google,FR0010527275,WATL,London,Sector Equity Water,GBX,LON:WATL,
Market Access DAXglobal?BRIC ETF GBP,ETF,EQUITY,Google,LU0269999792,BRDX,London,BRIC Equity,GBP,LON:BRDX,
Market Access NYSE Arca GoldBugs ETF GBP,ETF,EQUITY,Google,LU0259322260,GOLB,London,Sector Equity Precious Metals,GBP,LON:GOLB,
Ossiam FTSE 100 Minimum Var ETF 1C GBP,ETF,EQUITY,Google,LU0705291739,UKMV,London,UK Large-Cap Blend Equity,GBX,LON:UKMV,
Ossiam iSTOXX?EurMiniVar NR ETF 1C GBP,ETF,EQUITY,Google,LU0599612842,LEMV,London,Europe Large-Cap Blend Equity,GBX,LON:LEMV,
Ossiam STOXX?Eur600 EqWg NR ETF 1C GBP,ETF,EQUITY,Google,LU0599613147,L6EW,London,Europe Large-Cap Blend Equity,GBX,LON:L6EW,
PIMCO ST HY Corp Bd Sour ETF Inc GBP,ETF,BOND,Google,IE00B7N3YW49,SSHY,London,USD High Yield Bond,GBP,LON:SSHY,
PIMCO Sterling Short Maturity Source ETF,ETF,BOND,Google,IE00B622SG73,QUID,London,GBP Diversified Bond - Short Term,GBP,LON:QUID,
PowerShares Dynamic US Market ETF GBP,ETF,EQUITY,Google,IE00B23D9240,PSWC,London,US Large-Cap Blend Equity,USD,LON:PSWC,
PowerShares EQQQ Nasdaq-100 ETF GBP,ETF,EQUITY,Google,IE0032077012,EQQQ,London,US Large-Cap Growth Equity,USD,LON:EQQQ,
PowerShares FTSE RAFI All-World 3000 ETF GBP,ETF,EQUITY,Google,IE00B23LNQ02,PSRW,London,Global Flex-Cap Equity,GBX,LON:PSRW,
PowerShares FTSE RAFI Emerging Mkts ETF GBP,ETF,EQUITY,Google,IE00B23D9570,PSRM,London,Global Emerging Markets Equity,GBX,LON:PSRM,
PowerShares FTSE RAFI Europe ETF GBP,ETF,EQUITY,Google,IE00B23D8X81,PSRE,London,Europe Large-Cap Value Equity,GBX,LON:PSRE,
PowerShares FTSE RAFI Europe Md-Sm ETF GBP,ETF,EQUITY,Google,IE00B23D8Y98,PSES,London,Europe Mid-Cap Equity,GBX,LON:PSES,
PowerShares FTSE RAFI UK 100 ETF,ETF,EQUITY,Google,IE00B23LNN70,PSRU,London,UK Large-Cap Value Equity,GBX,LON:PSRU,
PowerShares FTSE RAFI US 1000 ETF GBP,ETF,EQUITY,Google,IE00B23D8S39,PSRF,London,US Large-Cap Value Equity,USD,LON:PSRF,
Source Cnsmr Stapl S&P US Sel Sect ETF GBP,ETF,EQUITY,Google,IE00B435BG20,XLPP,London,Sector Equity Consumer Goods & Services,GBX,LON:XLPP,
Source FTSE 100 ETF,ETF,EQUITY,Google,IE00B60SWT88,S100,London,UK Large-Cap Blend Equity,GBX,LON:S100,
Source FTSE 250 ETF,ETF,EQUITY,Google,IE00B60SWV01,S250,London,UK Mid-Cap Equity,GBX,LON:S250,
Source LGIM Commodity Composite ETF GBP,ETF,COMMODITIES,Google,IE00B4TXPP71,LGCF,London,Commodities - Broad Basket,USD,LON:LGCF,
Source Mstar US Enrgy Infra MLP ETF B GBP,ETF,EQUITY,Google,IE00B8CJW150,MLPP,London,Sector Equity Energy,GBX,LON:MLPP,
Source Physical Gold P-ETC GBP,ETF,COMMODITIES,Google,IE00B579F325,SGLP,London,Commodities - Precious Metals,GBX,LON:SGLP,
Source Technology S&P US Select Sect ETF GBP,ETF,EQUITY,Google,IE00B3VSSL01,XLKQ,London,Sector Equity Technology,GBX,LON:XLKQ,
SPDR?Barclays 0-3 Year US Corp Bd ETF GBP,ETF,BOND,Google,IE00BC7GZX26,SUSD,London,USD Corporate Bond,GBP,LON:SUSD,
SPDR?Barclays 0-5 Year Stlg Corp Bd ETF,ETF,BOND,Google,IE00BCBJF711,SUKC,London,GBP Corporate Bond,GBP,LON:SUKC,
SPDR?Barclays 1-5 Year Gilt ETF,ETF,BOND,Google,IE00B6YX5K17,GLTS,London,GBP Government Bond,GBP,LON:GLTS,
SPDR?Barclays Emerging Mkts Lcl Bd ETF GBP,ETF,BOND,Google,IE00B4613386,EMDL,London,Global Emerging Markets Bond - Local Currency,GBP,LON:EMDL,
SPDR?Barclays Sterling Corporate Bd ETF,ETF,BOND,Google,IE00B4694Z11,UKCO,London,GBP Corporate Bond,GBP,LON:UKCO,
SPDR?Dow Jones Global Real Estate ETF GBP,ETF,PROPERTY,Google,IE00B8GF1M35,GBRE,London,Property - Indirect Global,GBP,LON:GBRE,
SPDR?FTSE UK All Share ETF,ETF,EQUITY,Google,IE00B7452L46,FTAL,London,UK Large-Cap Blend Equity,GBP,LON:FTAL,
SPDR?MSCI EM Asia ETF GBP,ETF,EQUITY,Google,IE00B466KX20,EMAS,London,Asia ex Japan Equity,GBP,LON:EMAS,
SPDR?MSCI EM Europe ETF GBP,ETF,EQUITY,Google,IE00B431K857,EMEO,London,Emerging Europe Equity,GBP,LON:EMEO,
SPDR?MSCI EM Latin America ETF GBP,ETF,EQUITY,Google,IE00B454X613,EMLA,London,Latin America Equity,GBP,LON:EMLA,
SPDR?MSCI Emerging Markets SmallCap ETF GBP,ETF,EQUITY,Google,IE00B48X4842,EMSM,London,Global Emerging Markets Small/Mid-Cap Equity,GBP,LON:EMSM,
SPDR?S&P 500 ETF GBP,ETF,EQUITY,Google,IE00B6YX5C33,SPX5,London,US Large-Cap Blend Equity,USD,LON:SPX5,
SPDR?S&P 500 Low Volatility ETF GBP,ETF,EQUITY,Google,IE00B802KR88,USLV,London,US Large-Cap Value Equity,GBP,LON:USLV,
SPDR?S&P Emerging Markets Dividend ETF GBP,ETF,EQUITY,Google,IE00B6YX5B26,EMDV,London,Global Emerging Markets Equity,USD,LON:EMDV,
SPDR?S&P Euro Dividend Aristocrats ETF GBP,ETF,EQUITY,Google,IE00B5M1WJ87,EUDV,London,Eurozone Large-Cap Equity,EUR,LON:EUDV,
SPDR?S&P Global Div Aristocrats ETF GBP,ETF,EQUITY,Google,IE00B9CQXS71,GBDV,London,Global Large-Cap Value Equity,GBP,LON:GBDV,
SPDR?S&P Pan Asia Div Aristocrats ETF GBP,ETF,EQUITY,Google,IE00B9KNR336,PADV,London,Asia-Pacific inc. Japan Equity,GBP,LON:PADV,
SPDR?S&P UK Dividend Aristocrats ETF,ETF,EQUITY,Google,IE00B6S2Z822,UKDV,London,UK Large-Cap Value Equity,GBP,LON:UKDV,
SPDR?S&P US Dividend Aristocrats ETF GBP,ETF,EQUITY,Google,IE00B6YX5D40,USDV,London,US Large-Cap Value Equity,USD,LON:USDV,
UBS ETF Barcl Cap US 1-3 Trea Bd USD A GBP,ETF,BOND,Google,LU0721552544,UB74,London,USD Government Bond,GBX,LON:UB74,
UBS ETF Barcl Cap US 7-10 Trea Bd USD A GBP,ETF,BOND,Google,LU0721552973,UB82,London,USD Government Bond,GBX,LON:UB82,
UBS ETF CMCI Composite SF USD A acc GBP,ETF,COMMODITIES,Google,IE00B53H0131,UC15,London,Commodities - Broad Basket,USD,LON:UC15,
UBS ETF EURO STOXX 50 EUR A dis GBP,ETF,EQUITY,Google,LU0136234068,UB01,London,Eurozone Large-Cap Equity,EUR,LON:UB01,
UBS ETF FTSE 100 GBP A dis GBP,ETF,EQUITY,Google,LU0136242590,UB03,London,UK Large-Cap Blend Equity,GBX,LON:UB03,
UBS ETF Markit iBoxx  Germ 1-3 A dis GBP,ETF,BOND,Google,LU0721553351,UB89,London,EUR Government Bond - Short Term,GBX,LON:UB89,
UBS ETF Markit iBoxx  LiqCorp EUR A dis GBP,ETF,BOND,Google,LU0721553864,UB99,London,EUR Corporate Bond,GBX,LON:UB99,
UBS ETF MSCI Canada CAD A dis GBP,ETF,EQUITY,Google,LU0446734872,UB23,London,Canada Equity,GBX,LON:UB23,
UBS ETF MSCI Canada SF CAD A acc GBP,ETF,EQUITY,Google,IE00B5TZCY80,UC24,London,Canada Equity,GBX,LON:UC24,
UBS ETF MSCI Emerging Mkts SF USD A acc GBP,ETF,EQUITY,Google,IE00B3Z3FS74,UC27,London,Global Emerging Markets Equity,GBX,LON:UC27,
UBS ETF MSCI Emerging Mkts USD A dis GBP,ETF,EQUITY,Google,LU0480132876,UB32,London,Global Emerging Markets Equity,USD,LON:UB32,
UBS ETF MSCI EMU EUR A dis GBP,ETF,EQUITY,Google,LU0147308422,UB06,London,Eurozone Large-Cap Equity,GBX,LON:UB06,
UBS ETF MSCI EMU H GBP A acc GBP,ETF,EQUITY,Google,LU0950669688,UC60,London,Europe Equity - Currency Hedged,GBX,LON:UC60,
UBS ETF MSCI EMU H GBP A dis GBP,ETF,EQUITY,Google,LU0937835733,UC59,London,Europe Equity - Currency Hedged,GBX,LON:UC59,
UBS ETF MSCI EMU Small Cap EUR A dis GBP,ETF,EQUITY,Google,LU0671493277,UB69,London,Eurozone Small-Cap Equity,GBX,LON:UB69,
UBS ETF MSCI EMU SRI EUR A dis GBP,ETF,EQUITY,Google,LU0629460675,UB39,London,Eurozone Large-Cap Equity,GBX,LON:UB39,
UBS ETF MSCI EMU Value EUR A dis GBP,ETF,EQUITY,Google,LU0446734369,UB17,London,Eurozone Large-Cap Equity,GBX,LON:UB17,
UBS ETF MSCI Europe EUR A dis GBP,ETF,EQUITY,Google,LU0446734104,UB12,London,Europe Large-Cap Blend Equity,GBX,LON:UB12,
UBS ETF MSCI Japan H GBP A acc,ETF,EQUITY,Google,LU0969638583,UC62,London,Japan Equity - Currency Hedged,GBX,LON:UC62,
UBS ETF MSCI Japan H GBP A dis,ETF,EQUITY,Google,LU0969638401,UC61,London,Japan Equity - Currency Hedged,GBX,LON:UC61,
UBS ETF MSCI Japan JPY A dis GBP,ETF,EQUITY,Google,LU0136240974,UB02,London,Japan Large-Cap Equity,USD,LON:UB02,
UBS ETF MSCI Pacific ex Jpn USD A dis GBP,ETF,EQUITY,Google,LU0446734526,UB20,London,Asia-Pacific ex-Japan Equity,GBX,LON:UB20,
UBS ETF MSCI Pacific SRI USD A dis GBP,ETF,EQUITY,Google,LU0629460832,UB45,London,Asia-Pacific inc. Japan Equity,GBX,LON:UB45,
UBS ETF MSCI United Kingdom GBP A acc GBP,ETF,EQUITY,Google,LU0950670850,UC64,London,UK Large-Cap Blend Equity,GBX,LON:UC64,
UBS ETF MSCI United Kingdom GBP A dis GBP,ETF,EQUITY,Google,LU0937836467,UC63,London,UK Large-Cap Blend Equity,GBX,LON:UC63,
UBS ETF MSCI USA H GBP A acc GBP,ETF,EQUITY,Google,IE00BD4TYJ05,UC74,London,US Equity - Currency Hedged,GBX,LON:UC74,
UBS ETF MSCI USA H GBP A dis GBP,ETF,EQUITY,Google,IE00BD4TYH80,UC73,London,US Equity - Currency Hedged,GBX,LON:UC73,
UBS ETF MSCI USA SRI USD A dis GBP,ETF,EQUITY,Google,LU0629460089,UC46,London,US Large-Cap Blend Equity,GBX,LON:UC46,
UBS ETF MSCI USA USD A dis GBP,ETF,EQUITY,Google,LU0136234654,UC04,London,US Large-Cap Blend Equity,USD,LON:UC04,
UBS ETF MSCI USA Value USD A dis GBP,ETF,EQUITY,Google,IE00B78JSG98,UC07,London,US Large-Cap Value Equity,GBX,LON:UC07,
UBS ETF MSCI World SRI USD A dis GBP,ETF,EQUITY,Google,LU0629459743,UC44,London,Global Large-Cap Blend Equity,GBX,LON:UC44,
UBS ETF MSCI World USD A dis GBP,ETF,EQUITY,Google,LU0340285161,UC55,London,Global Large-Cap Blend Equity,USD,LON:UC55,
UBS ETF S&P 500 USD A dis GBP,ETF,EQUITY,Google,IE00B7K93397,UC13,London,US Large-Cap Blend Equity,USD,LON:UC13,
Vanguard FTSE 100 ETF,ETF,EQUITY,Google,IE00B810Q511,VUKE,London,UK Large-Cap Blend Equity,GBP,LON:VUKE,
Vanguard FTSE 250 ETF,ETF,EQUITY,Google,IE00BKX55Q28,VMID,London,UK Mid-Cap Equity,GBP,LON:VMID,
Vanguard FTSE All-World ETF GBP,ETF,EQUITY,Google,IE00B3RBWM25,VWRL,London,Global Large-Cap Blend Equity,USD,LON:VWRL,
Vanguard FTSE All-World High Div Yld ETF GBP,ETF,EQUITY,Google,IE00B8GKDB10,VHYL,London,Global Equity Income,USD,LON:VHYL,
Vanguard FTSE Dev Asia Pac exJpn ETF GBP,ETF,EQUITY,Google,IE00B9F5YL18,VAPX,London,Asia-Pacific ex-Japan Equity,USD,LON:VAPX,
Vanguard FTSE Developed Europe ETF GBP,ETF,EQUITY,Google,IE00B945VV12,VEUR,London,Europe Large-Cap Blend Equity,GBP,LON:VEUR,
Vanguard FTSE Developed Europe ex UK ETF GBP,ETF,EQUITY,Google,IE00BKX55S42,VERX,London,Europe ex-UK Large-Cap Equity,GBP,LON:VERX,
Vanguard FTSE Developed World ETF GBP,ETF,EQUITY,Google,IE00BKX55T58,VEVE,London,Global Large-Cap Blend Equity,USD,LON:VEVE,
Vanguard FTSE Emerging Markets ETF GBP,ETF,EQUITY,Google,IE00B3VVMM84,VFEM,London,Global Emerging Markets Equity,USD,LON:VFEM,
Vanguard FTSE Japan ETF GBP,ETF,EQUITY,Google,IE00B95PGT31,VJPN,London,Japan Large-Cap Equity,USD,LON:VJPN,
Vanguard FTSE North America ETF GBP,ETF,EQUITY,Google,IE00BKX55R35,VNRT,London,US Large-Cap Blend Equity,USD,LON:VNRT,
Vanguard S&P 500 ETF GBP,ETF,EQUITY,Google,IE00B3XXRP09,VUSA,London,US Large-Cap Blend Equity,USD,LON:VUSA,
Vanguard UK Gilt UCITS ETF,ETF,BOND,Google,IE00B42WWV65,VGOV,London,GBP Government Bond,GBP,LON:VGOV,
Vanguard Investments Funds ICVC-Vanguard U.K. Inflation-Linked Gilt Index Fund A GBP Gross Acc,FUND,BOND,Yahoo,GB00B45Q9038,GB00B45Q9038,London,GBP Government Bond,GBP,LON:VGOV,
WisdomTree Emerg Mkts Eq Inc ETF GBP,ETF,EQUITY,Google,IE00BQQ3Q067,DEM,London,Global Emerging Markets Equity,USD,LON:DEM,
WisdomTree Europe Equity Income ETF GBP,ETF,EQUITY,Google,IE00BQZJBX31,EEI,London,Europe Equity Income,EUR,LON:EEI,
WisdomTree Europe SmallCap Div ETF GBP,ETF,EQUITY,Google,IE00BQZJC527,DFE,London,Europe Small-Cap Equity,EUR,LON:DFE,
WisdomTree Germany Equity ETF GBP Hdg,ETF,EQUITY,Google,IE00BVXBGY20,DXGP,London,Europe Equity - Currency Hedged,GBX,LON:DXGP,
WisdomTree US Equity Income ETF GBP,ETF,EQUITY,Google,IE00BQZJBQ63,DHS,London,US Large-Cap Value Equity,USD,LON:DHS,
WisdomTree US SmallCap Dividend ETF GBP,ETF,EQUITY,Google,IE00BQZJBT94,DESE,London,US Small-Cap Equity,USD,LON:DESE,
Fidelity CSMT Diversified Markets Fund,Fund,FUND,Yahoo,Fidelity,GB00BD4H2014,London,BD4H201.L,Bond,GBP,LON:BD4H201
 iShares Global Property Securities Equity Index (UK) D Acc ,Fund,PROPERTY,Yahoo,GB00B5BFJG71,MCGLA,London,,GBP,B5BFJG7,
 S&P 500 - U.S.,Index,Equity,Yahoo,,^spx,London,,USD,,dummy
Alliance Trust,Investment_Trust,Equity,Yahoo,GB00B11V7W98,ATST.L,London,Equity » Global »  Global Large-Cap Blend Equity,GBX,,
Allianz Strategic Bond C Inc,Fund,Cash,Yahoo,GB00B06T9362,0P00001QSS.L,London,Bond » Global Flexible Bond - GBP Hedged,GBP,F0GBR061E7,
Amundi ETF FTSE EPRA NAREIT Global UCITS ETF DR,ETF,Equity,Yahoo,LU1437018838,EPRA.L,London,,GBP,,
Artemis Monthly Distribution I Acc,Fund,Equity,Yahoo,GB00B75F9Z67,ATMNA,London,,GBP,B75F9Z6,
Artemis SmartGARP Glb Eq I Acc GBP ,Fund,Equity,Yahoo,GB00B2PLJP95,GB00B2PLJP95,London,,GBP,B2PLJP9,
Artemis US Smaller Companies I Acc GBP ,Fund,Equity,Yahoo,GB00BMMV5766,GB00BMMV5766,London,,GBP,BMMV576,
ASI Global Smaller Companies P1 Acc,Fund,Equity,Yahoo,GB00B7KVX245,GB00B7KVX245,London,,GBP,B7KVX24,
AstraZeneca PLC,Equity,Equity,Yahoo,GB0009895292,AZN.L,London,Global Large-Cap Growth Equity,GBX,,
Aviva,Equity,Equity,Yahoo,GB0002162385,AV.L,London,Equity » Industry » Industry Insurance » Industry Insurance - Diversified,GBP,,
Baillie Gifford Positive Change Fund B Accumulation,Fund,Equity,Yahoo,GB00BYVGKV59,0P0001BDIT.L,London,Equity » Global » Global Large-Cap Growth Equity,GBP,,
Baillie Gifford Shin Nippon Ord,Investment_Trust,Equity,Yahoo,GB00BFXYH242,BGS.L,London,,GBP,,
BH Macro Limited ,Investment_Trust,Equity,Yahoo,GG00B1NP5142,BHMG.L,London,Macro Trading EUR,GBP,,
Blackrock ACS World ESG Equity Tracker Fund X1G GBP Acc,Fund,Equity,Yahoo,GB00BJ0C9S90,0P0001HPFT.L,London,Equity » Global »  Global Large-Cap Blend Equity,GBP,F000013PED,
BMO Commercial Property Trust,Investment_Trust,PROPERTY,Yahoo,GG00B4ZPCJ00,BCPT.L,London,,GBP,,
Capital Gearing Trust,Investment_Trust,Cash,Yahoo,GB0001738615,CGT.L,London,GBP Flexible Allocation,GBP,,
CFP SDL UK Buffettology General Income,Fund,Equity,Yahoo,GB00BKJ9C676,GB00BKJ9C676,London,,GBP,BKJ9C67,
Diageo plc,Equity,Equity,Yahoo,GB0002374006,DGE.L,London,Global Large-Cap Growth Equity,GBX,,
Diverse Income Trust Ord,Investment_Trust,Equity,Yahoo,GB00B65TLW28,DIVI.L,London,,GBX,,
ES R&M UK Recovery B Inc ,Fund,Equity,Yahoo,GB00B614J053,GB00B614J053,London,,GBP,B614J05,
Experian plc,Equity,Equity,Yahoo,GB00B19NLV48,EXPN.L,London,Equity » Industry » Industry Consulting Services,GBX,,
F&C Investment_Trust Ord,Investment_Trust,Equity,Yahoo,GB0003466074,FCIT.L,London,,GBX,,
Fid CSMT Sustainable Passive Equity Fund,Fund,Equity,Yahoo,GB00BKY5DK11,BKY5DK1,London,Global Large-Cap Blend Equity,GBP,F000013PED,
Fidelity Asia W Acc ,Fund,Equity,Yahoo,GB00B6Y7NF43,GB00B6Y7NF43,London,,GBP,B6Y7NF4,
Fidelity China Special Ord,Investment_Trust,Equity,Yahoo,GB00B62Z3C74,FCSS.L,London,Equity » ByCountry » China Equity,GBX,,
Fidelity Global Dividend W Acc,Fund,Equity,Yahoo,GB00B7GJPN73,B7GJPN7,London,,GBP,,
Fidelity Index Emerging Markets P Acc,Fund,Equity,Yahoo,GB00BHZK8D21,GB00BHZK8D21,London,,GBP,BHZK8D2,
Fidelity Index UK P Acc,Fund,Equity,Yahoo,GB00BJS8SF95,GB00BJS8SF95,London,,GBP,BJS8SF9,
Fidelity MltAsst Income W Acc,Fund,Equity,Yahoo,GB00BJ4L7S87,GB00BJ4L7S87,London,,GBP,BJ4L7S8,
FTF Legg Mason IF CB Glb Infras Inc XAcc,Fund,Equity,Yahoo,GB00BZ01WV25,GB00BZ01WV25,London,,GBP,BZ01WV2,
FTF Legg Mason IF Japan Equity X Acc,Fund,Equity,Yahoo,GB00B8JYLC77,GB00B8JYLC77,London,,GBP,B8JYLC7,
FTSE 100,Index,Equity,Yahoo,,^UKX,London,,GBP,,
GAM Star Credit Opps (GBP) Instl GBP Acc,Fund,Equity,Yahoo,IE00B510J173,IE00B510J173,London,,GBP,B510J17,
GlaxoSmithKline plc,Equity,Equity,Yahoo,GB0009252882,GSK.L,London,Equity » Industry » Industry Drug Manufacturers - General,GBX,,
Greggs plc,Equity,Equity,Yahoo,GB00B63QSB39,GRG.L,London,Mid-Cap Blend Equity,GBX,,
Guinness Asian Equity Income Y GBP Acc,Fund,Equity,Yahoo,IE00BDHSRD90,IE00BDHSRD90,London,,GBP,BDHSRD9,
Henderson Smaller Companies Ord,Investment_Trust,Equity,Yahoo,GB0009065060,HSL.L,London,,GBX,,
Hipgnosis Songs Fund Limited,Investment_Trust,other,Yahoo,GG00BFYT9H72,SONG.L,London,Other,GBP,,
HSBC Japan Index C Acc,Fund,Equity,Yahoo,GB00B80QGN87,GB00B80QGN87,London,,GBP,B80QGN8,
Imperial Brands PLC,Equity,Equity,Yahoo,GB0004544929,IMB.L,London,Equity » Industry » Industry Tobacco,GBX,,
Invesco EURO STOXX High Dividend Low Volatility UCITS ETF,ETF,Equity,Yahoo,IE00BZ4BMM98,EUHD.L,London,,GBP,,
Invesco Physical Gold GBP Hedged ETC,ETF,Equity,Yahoo,XS2183935605,SGLS.L,London,Commodities » Commodities - Precious Metals,GBP,,
iShares Pacific ex Jpn Eq Idx (UK) D Acc ,Fund,Equity,Yahoo,GB00B849FB47,GB00B849FB47,London,,GBP,B849FB4,
JPMorgan Emerging Markets Ord ,Investment_Trust,Equity,Yahoo,GB00BMXWN182,JMG.L,London,,GBX,,
JPMorgan European Income Pool Ord,Fund,Equity,Yahoo,GB00B17XWW44,JETI.L,London,,GBP,,
JPMorgan Japanese,Investment_Trust,Equity,Yahoo,GB0001740025,JFJ.L,London,Japan Large-Cap Equity,GBP,,
JPMorgan Russian Securities Plc,Investment_Trust,Cash,Yahoo,GB0032164732,JRS.L,London,Russia Equity,GBX,,
Jupiter Merian North Amer Eq I GBP Acc,Fund,Equity,Yahoo,GB00B1XG9G04,GB00B1XG9G04,London,,GBP,B1XG9G0,
Jupiter Strategic Bond Z GBP Acc,Fund,Equity,Yahoo,GB00BN8T5935,0P00015MD1.L,London,Global Flexible Bond - GBP Hedged,GBP,,
Legal & General Group Plc,Equity,Equity,Yahoo,GB0005603997,LGEN.L,London,Financial Services - Insurance - Life,GBX,,
LF Lindsell Train UK Equity Acc,Fund,Equity,Yahoo,GB00B18B9X76,GB00B18B9X76,London,,GBP,B18B9X7,
Lindsell Train Global Funds plc - Lindsell Train Global Equity Fund B GBP Inc,Fund,Equity,Yahoo,IE00B3NS4D25,0P0000SVHP.L,London,Equity » Global » Global Large-Cap Growth Equity,GBP,,
Lindsell Train Japanese Eq B GBP QutdInc,Fund,Equity,Yahoo,IE00B7FGDC41,IE00B7FGDC41,London,,GBP,B7FGDC4,
Liontrust Special Situations I Inc,Fund,Equity,Yahoo,GB00B57H4F11,GB00B57H4F11,London,,GBP,B57H4F1,
Lyxor Euro Government Inflation Linked Bond (DR) UCITS ETF - Acc,ETF,BOND,Yahoo,LU1650491282,MTIX.L,London,Bond » Inflation-Linked Bond »  EUR Inflation-Linked Bond,GBP,,
Lyxor MSCI World UCITS ETF - Dist,ETF,Equity,Yahoo,FR0010315770,WLDL.L,London,,GBP,,
Lyxor UCITS IBoxx GBP Gilt Inflation Linked,ETF,BOND,Yahoo,LU1407893301,GILI.L,London,Bond » Inflation-Linked Bond » GBP Inflation-Linked Bond,GBP,,
M&G Emerging Markets Bond GBP I Acc,Fund,Equity,Yahoo,GB00B7GNKY53,GB00B7GNKY53,London,,GBP,B7GNKY5,
M&G Global Government Bond Fund Sterling I Acc,Fund,BOND,Yahoo,GB00B7Q0Q826,0P0000WN3T.L,London,Global Government Bond,GBX,F00000OO7B,
M&G Global Macro Bond GBP I Acc,Fund,BOND,Yahoo,GB00B78PGS53,GB00B78PGS53,London,,GBP,B78PGS5,
Man GLG Continental Eurp Gr Prf Acc C,Fund,Equity,Yahoo,GB00B0119487,GB00B0119487,London,,GBP,B011948,
Man GLG Income Professional Acc C,Fund,Equity,Yahoo,GB00B0117C28,GB00B0117C28,London,,GBP,B0117C2,
Marlborough Global Bond P Acc,Fund,Equity,Yahoo,GB00B6ZDFJ91,GB00B6ZDFJ91,London,,GBP,B6ZDFJ9,
Marlborough Multi-Cap Growth P Inc,Fund,Equity,Yahoo,GB00B8CQP956,GB00B8CQP956,London,,GBP,B8CQP95,
Martin Currie Global Portfolio Investment_Trust,Investment_Trust,Equity,Yahoo,GB0005372411,MNP.L,London,Global Large-Cap Blend Equity,GBX,,
Mobius Investment_Trust Ord,Investment_Trust,Equity,Yahoo,GB00BFZ7R980,MMIT.L,London,,GBP,,
Morgan Sindall Group plc,Equity,Equity,Yahoo,GB0008085614,MGNS.L,London,Equity » Industry » Industry Engineering & Construction,GBP,,
Morgan Stanley Glb Brands Eq Inc I Acc,Fund,Equity,Yahoo,,0,London,,GBP,,
Murray International Ord,Investment_Trust,Equity,Yahoo,GB0006111909,MYI.L,London,,GBX,,
PIMCO GIS Global Real Return Fund Institutional GBP (Hedged) Income,Fund,Equity,Yahoo,IE00B07Q3Z63,0P00005XMB.L,London,Bond » Inflation-Linked Bond » GBP Inflation-Linked Bond,GBP,,
Premier Miton US Opportunities B Acc ,Fund,Equity,Yahoo,GB00B8278F56,GB00B8278F56,London,,GBP,B8278F5,
Rathbone Ethical Bond I Acc,Fund,Equity,Yahoo,GB00B77DQT14,GB00B77DQT14,London,,GBP,B77DQT1,
RELX PLC,Equity,Equity,Yahoo,GB00B2B0DG97,REL.L,London,Uk Large-Blend Equity,GBX,,
Royal Dutch Shell plc,Equity,Equity,Yahoo,GB00B03MLX29,RDSA.L,London,Equity » Industry » Industry Oil & Gas Integrated,GBX,,
Royal London Global Bd Opps Z GBP,Fund,BOND,Yahoo,IE00BYTYX230,IE00BYTYX230,London,,GBP,BYTYX23,
Royal London Sterl Extra Yld Bd A,Fund,BOND,Yahoo,IE0032571485,IE0032571485,London,,GBP,3257148,
Royal London UK Equity Income M Acc,Fund,Equity,Yahoo,GB00B8Y4ZB91,GB00B8Y4ZB91,London,,GBP,B8Y4ZB9,
Scottish Mortgage Ord ,Investment_Trust,Equity,Yahoo,GB00BLDYK618,SMT.L,London,,GBP,,
Smithson Invest,Investment_Trust,Equity,Yahoo,GB00BGJWTR88,SSON.L,London,MSCI ACWI SMID NR USD,GBP,,
SPDR Dow Jones Global Real Estate UCITS ETF Accumulating,ETF,Equity,Yahoo,IE00BH4GR342,GLRA.L,London,,GBP,,
TB Amati UK Smaller Companies B ,Fund,Equity,Yahoo,GB00B2NG4R39,GB00B2NG4R39,London,,GBP,B2NG4R3,
Tesco,Equity,Equity,Yahoo,GB00BLGZ9862,TSCO.L,London,Equity » Industry » Industry Grocery Stores,GBP,,
The City of London Investment_Trust plc,Investment_Trust,Equity,Yahoo,GB0001990497,CTY.L,London,Equity » ByCountry » UK » UK Equity Income,GBX,,
The Unilever Group,Equity,Equity,Yahoo,GB00B10RZP78,ULVR.L,London,Equity » Industry » Industry Household & Personal Products,GBX,,
TM CRUX European Special Sit I Acc GBP,Fund,Equity,Yahoo,GB00BTJRQ064,GB00BTJRQ064,London,,GBP,BTJRQ06,
TR European Growth Ord ,Investment_Trust,Equity,Yahoo,GB0009066928,TRG.L,London,,GBP,,
TR Property Ord ,Investment_Trust,PROPERTY,Yahoo,GB0009064097,TRY.L,London,,GBP,,
Utilico Emerging Markets Ord ,Investment_Trust,Equity,Yahoo,GB00BD45S967,UEM.L,London,,GBP,,
Vanguard FTSE UK Eq Inc Idx £ Acc,Fund,Equity,Yahoo,GB00B59G4H82,GB00B59G4H82,London,,GBP,B59G4H8,
Vanguard Glb Bd Idx £ H Acc,Fund,BOND,Yahoo,IE00B50W2R13,IE00B50W2R13,London,,GBP,B50W2R1,
Vanguard LifeStrategy 20% Eq A Grs Acc,Fund,Equity,Yahoo,GB00B4NXY349,GB00B4NXY349,London,,GBP,B4NXY34,
Vanguard LifeStrategy 60% Equity A Acc,Fund,Equity,Yahoo,GB00B3TYHH97,GB00B3TYHH97,London,,GBP,B3TYHH9,
Vanguard LifeStrategy 80% Equity A Acc,Fund,Equity,Yahoo,GB00B4PQW151,GB00B4PQW151,London,,GBP,B4PQW15,
Vanguard U.S. Eq Idx £ Acc,Fund,Equity,Yahoo,GB00B5B71Q71,GB00B5B71Q71,London,,GBP,B5B71Q7,
Vanguard UK Govt Bd Idx £ Acc,Fund,Equity,Yahoo,IE00B1S75374,IE00B1S75374,London,,GBP,B1S7537,
Vodafone,Equity,Equity,Yahoo,GB00BH4HKS39,VOD.L,London,Equity » Industry » Industry Telecom Services,GBP,,
WisdomTree Enhanced Cmdty ETF USD Acc GBP,ETF,COMMODITIES,Yahoo,IE00BYMLZY74,WCOB.L,London,Commodities » Commodities Broad Basket,GBX,0P00017Z4T,
WisdomTree Europe Equity ETF GBP Hedged,ETF,Equity,Yahoo,IE00BYQCZQ89,HEDP.L,London,,GBP,,
WisdomTree Physical Gold - GBP Daily Hedged,ETF,COMMODITIES,Yahoo,JE00B7VG2M16,GBSP.L,London,Commodities » Commodities - Precious Metals,GBP,,
X FTSE 100 Income ETF 1D ,ETF,Equity,Yahoo,,XUKX.L,London,Equity » ByCountry » UK » UK Equity Income,GBP,,
Xtrackers Global Inflation-Linked Bond UCITS ETF 5C,ETF,BOND,Yahoo,LU0908508814,XGIU.L,London,Bond » Inflation-Linked Bond,GBP,,
Xtrackers IE Physical Gold GBP Hedged ETC Securities,ETF,COMMODITIES,Yahoo,DE000A2UDH48,XGLS.L,London,Commodities » Commodities - Precious Metals,GBP,,
Xtrackers MSCI World ESG UCITS ETF 1C,ETF,Equity,Yahoo,IE00BZ02LR44,XESW.L,London,Equity » Global »  Global Large-Cap Blend Equity,GBP,0P0001K4T9,
