65Name,AssetType,Underlying,Source,isin,code,category, currency,googleCode
,FUND,EQUITY,Google,GB00B41YBW71,FUQUIT,Global Equity,GBP,MUTF_GB:FUND_EQUI_I_ANRT8N
,FUND,BOND,Google,GB00B1H05601,MGOII,UK Bond,GBX,LON:MGOII
,FUND,BOND,Google,GB00BD050949,RLAAAI,Short duration bond,GBX,LON:RLAAAI
,FUND,BOND,Google,GB00B1XFKV93,YFEMID,MEmerging Bond,GBX,LON:YFEMID
,FUND,BOND,Google,GB00B45Q9038,VVUILG,UK Inflation,GBP,MUTF_GB:VANG_UK_INFL_1YLF91E
Amundi ETF MSCI China EUR A/I GBP,ETF,EQUITY,Google,FR0010713784,CC1,China Equity,GBX,LON:CC1
Amundi ETF MSCI EM Latin America EUR A/I GBP,ETF,EQUITY,Google,FR0011020973,ALAT,Latin America Equity,GBX,LON:ALAT
Amundi ETF MSCI Emerging Markets EUR A/I GBP,ETF,EQUITY,Google,FR0010959676,AEEM,Global Emerging Markets Equity,GBX,LON:AEEM
Amundi ETF MSCI Germany A/I GBP,ETF,EQUITY,Google,FR0010655712,CG1,Germany Large-Cap Equity,GBX,LON:CG1
Amundi ETF MSCI Italy A/I GBP,ETF,EQUITY,Google,FR0010655720,CI1,Italy Equity,GBX,LON:CI1
Amundi ETF MSCI Nordic A/I GBP,ETF,EQUITY,Google,FR0010655738,CN1,Nordic Equity,GBX,LON:CN1
Amundi ETF MSCI Spain A/I GBP,ETF,EQUITY,Google,FR0010655746,CS1,Spain Equity,GBX,LON:CS1
Amundi ETF MSCI UK A/I GBP,ETF,EQUITY,Google,FR0010655761,CUK,UK Large-Cap Blend Equity,GBX,LON:CUK
Boost FTSE 100 3x Short Daily ETP,ETF,EQUITY,Google,IE00B7VB3908,3UKS,Trading - Leveraged/Inverse Equity,GBX,LON:3UKS
Boost ShortDAX?3x Daily ETP GBP,ETF,EQUITY,Google,IE00B8GKPP93,3SDE,Trading - Leveraged/Inverse Equity,GBX,LON:3SDE
Boost Silver 3x Short Daily ETP GBP,ETF,COMMODITIES,Google,IE00B8JG1787,3SSI,Trading - Leveraged/Inverse Commodities,GBX,LON:3SSI
CSOP Source FTSE China A50 ETF GBP,ETF,EQUITY,Google,IE00BGSHB123,CHNP,China Equity - A Shares,GBX,LON:CHNP
db Physical Gold GBP Hedged ETC,ETF,COMMODITIES,Google,GB00B68FL050,XGLS,Commodities - Precious Metals,GBX,LON:XGLS
db x-trackers DAX?(DR) Income 1D GBP,ETF,EQUITY,Google,LU0838782315,XDDX,Germany Large-Cap Equity,GBX,LON:XDDX
db x-trackers DBLCI OY Balanced 3C,ETF,COMMODITIES,Google,LU0460391906,XDBG,Commodities - Broad Basket,GBX,LON:XDBG
db x-trackers Euro Stoxx 50 (DR) 1C GBP,ETF,EQUITY,Google,LU0380865021,XESC,Eurozone Large-Cap Equity,GBX,LON:XESC
db x-trackers Euro Stoxx 50 (DR) 1D GBP,ETF,EQUITY,Google,LU0274211217,XESX,Eurozone Large-Cap Equity,GBX,LON:XESX
db x-trackers Euro Stoxx SelDiv 30(DR)1D GBP,ETF,EQUITY,Google,LU0292095535,XD3E,Eurozone Large-Cap Equity,GBX,LON:XD3E
db x-trackers Euro Stoxx50 Short Dly 1C GBP,ETF,EQUITY,Google,LU0292106753,XSSX,Trading - Leveraged/Inverse Equity,GBX,LON:XSSX
db x-trackers FTSE 100 (DR) 1C,ETF,EQUITY,Google,LU0838780707,XDUK,UK Large-Cap Blend Equity,GBX,LON:XDUK
db x-trackers FTSE 100 (DR) Income 1D,ETF,EQUITY,Google,LU0292097234,XUKX,UK Large-Cap Blend Equity,GBX,LON:XUKX
db x-trackers FTSE 100 Short Daily 1C,ETF,EQUITY,Google,LU0328473581,XUKS,Trading - Leveraged/Inverse Equity,GBX,LON:XUKS
db x-trackers FTSE 250 (DR) 1D,ETF,EQUITY,Google,LU0292097317,XMCX,UK Mid-Cap Equity,GBX,LON:XMCX
db x-trackers FTSE All-Share (DR) 1D,ETF,EQUITY,Google,LU0292097747,XASX,UK Large-Cap Blend Equity,GBX,LON:XASX
db x-trackers FTSE China 50 (DR) 1C GBP,ETF,EQUITY,Google,LU0292109856,XX25,China Equity,USD,LON:XX25
db x-trackers FTSE E/N Dev Eurp RE(DR)1C GBP,ETF,PROPERTY,Google,LU0489337690,XDER,Property - Indirect Europe,GBX,LON:XDER
db x-trackers FTSE Vietnam 1C GBP,ETF,EQUITY,Google,LU0322252924,XFVT,Vietnam Equity,USD,LON:XFVT
db x-trackers Harvest CSI300 (DR) 1D GBP,ETF,EQUITY,Google,LU0875160326,RQFI,China Equity - A Shares,USD,LON:RQFI
db x-trackers II Global Sovereign 2D,ETF,BOND,Google,LU0641006290,XGSG,Global Bond - GBP Hedged,GBX,LON:XGSG
db x-trackers II iBoxx Glbl Infl-Lnkd 3D,ETF,BOND,Google,LU0641007264,XGIG,Global Inflation-Linked Bond - GBP Hedged,GBX,LON:XGIG
db x-trackers II Sterling Cash 1D,ETF,CASH,Google,LU0321464652,XSTR,Money Market - Other,GBX,LON:XSTR
db x-trackers LPX MM Private Equity 1C GBP,ETF,EQUITY,Google,LU0322250712,XLPE,Sector Equity Private Equity,GBX,LON:XLPE
db x-trackers Mittelstd&MidCap DEU(DR)1D GBP,ETF,EQUITY,Google,IE00B9MRJJ36,XDGM,Germany Small/Mid-Cap Equity,GBX,LON:XDGM
db x-trackers MSCI AC Asia ex Japan 1C GBP,ETF,EQUITY,Google,LU0322252171,XAXJ,Asia ex Japan Equity,USD,LON:XAXJ
db x-trackers MSCI AC AsiaExJpHiDivYld1D GBP,ETF,EQUITY,Google,LU0592215825,XAHG,Asia ex Japan Equity,USD,LON:XAHG
db x-trackers MSCI Brazil (DR) 1C GBP,ETF,EQUITY,Google,LU0292109344,XMBR,Brazil Equity,USD,LON:XMBR
db x-trackers MSCI Canada DR 1C GBP,ETF,EQUITY,Google,LU0476289540,XCAD,Canada Equity,USD,LON:XCAD
db x-trackers MSCI China (DR) 1C GBP,ETF,EQUITY,Google,LU0514695690,XCX6,China Equity,USD,LON:XCX6
db x-trackers MSCI EM Asia 1C GBP,ETF,EQUITY,Google,LU0292107991,XMAS,Asia ex Japan Equity,USD,LON:XMAS
db x-trackers MSCI EM LatAm 1C GBP,ETF,EQUITY,Google,LU0292108619,XMLA,Latin America Equity,USD,LON:XMLA
db x-trackers MSCI Emerging Markets 1C GBP,ETF,EQUITY,Google,LU0292107645,XMMD,Global Emerging Markets Equity,USD,LON:XMMD
db x-trackers MSCI Europe (DR) 1C GBP,ETF,EQUITY,Google,LU0274209237,XMED,Europe Large-Cap Blend Equity,USD,LON:XMED
db x-trackers MSCI Europe Mid Cap(DR)1C GBP,ETF,EQUITY,Google,LU0322253732,XEUM,Europe Mid-Cap Equity,GBX,LON:XEUM
db x-trackers MSCI Europe Sm Cap (DR) 1C GBP,ETF,EQUITY,Google,LU0322253906,XXSC,Europe Small-Cap Equity,GBX,LON:XXSC
db x-trackers MSCI India 1C GBP,ETF,EQUITY,Google,LU0514695187,XCX5,India Equity,USD,LON:XCX5
db x-trackers MSCI Indonesia 1C GBP,ETF,EQUITY,Google,LU0476289623,XMID,Indonesia Equity,USD,LON:XMID
db x-trackers MSCI Japan (DR) 1C GBP,ETF,EQUITY,Google,LU0274209740,XMJP,Japan Large-Cap Equity,USD,LON:XMJP
db x-trackers MSCI Japan (DR) 6C,ETF,EQUITY,Google,LU0659580236,XMJG,Japan Equity - Currency Hedged,GBX,LON:XMJG
db x-trackers MSCI Korea (DR) 1C GBP,ETF,EQUITY,Google,LU0292100046,XKS2,Korea Equity,USD,LON:XKS2
db x-trackers MSCI Malaysia (DR) 1C GBP,ETF,EQUITY,Google,LU0514694370,XCX3,Other Asia-Pacific Equity,USD,LON:XCX3
db x-trackers MSCI Mexico (DR) 1C GBP,ETF,EQUITY,Google,LU0476289466,XMEX,Other Americas Equity,USD,LON:XMEX
db x-trackers MSCI NA Hi Div Yld (DR)1C GBP,ETF,EQUITY,Google,IE00BH361H73,XDND,US Large-Cap Value Equity,GBX,LON:XDND
db x-trackers MSCI Nordic (DR) 1D GBP,ETF,EQUITY,Google,IE00B9MRHC27,XDN0,Nordic Equity,GBX,LON:XDN0
db x-trackers MSCI Pacific exJapan(DR)1C GBP,ETF,EQUITY,Google,LU0322252338,XPXJ,Asia-Pacific ex-Japan Equity,USD,LON:XPXJ
db x-trackers MSCI Philippines IM (DR)1C GBP,ETF,EQUITY,Google,LU0592215403,XPHG,Other Asia-Pacific Equity,USD,LON:XPHG
db x-trackers MSCI Russia Capped 1C GBP,ETF,EQUITY,Google,LU0322252502,XMRC,Russia Equity,USD,LON:XMRC
db x-trackers MSCI Taiwan (DR) 1C GBP,ETF,EQUITY,Google,LU0292109187,XMTW,Taiwan Large-Cap Equity,USD,LON:XMTW
db x-trackers MSCI Thailand (DR) 1C GBP,ETF,EQUITY,Google,LU0514694701,XCX4,Thailand Equity,USD,LON:XCX4
db x-trackers MSCI USA (DR) 1C GBP,ETF,EQUITY,Google,IE00BJ0KDR00,XD9U,US Large-Cap Blend Equity,USD,LON:XD9U
db x-trackers MSCI USA 1C GBP,ETF,EQUITY,Google,LU0274210672,XMUS,US Large-Cap Blend Equity,USD,LON:XMUS
db x-trackers MSCI World 1C GBP,ETF,EQUITY,Google,LU0274208692,XMWD,Global Large-Cap Blend Equity,USD,LON:XMWD
db x-trackers Nifty 50 1C GBP,ETF,EQUITY,Google,LU0292109690,XNIF,India Equity,USD,LON:XNIF
db x-trackers S&P 500 1C GBP,ETF,EQUITY,Google,LU0490618542,XSPX,US Large-Cap Blend Equity,USD,LON:XSPX
db x-trackers S&P 500 2x Inverse Dly 1C GBP,ETF,EQUITY,Google,LU0411078636,XT2D,Trading - Leveraged/Inverse Equity,USD,LON:XT2D
db x-trackers S&P 500 Inverse Daily 1C GBP,ETF,EQUITY,Google,LU0322251520,XSPS,Trading - Leveraged/Inverse Equity,USD,LON:XSPS
db x-trackers S&P Global Infras 1C GBP,ETF,EQUITY,Google,LU0322253229,XSGI,Sector Equity Infrastructure,USD,LON:XSGI
db x-trackers S&P Select Frontier 1C GBP,ETF,EQUITY,Google,LU0328476410,XSFR,Global Frontier Markets Equity,USD,LON:XSFR
db x-trackers S&P/ASX 200 (DR) 1D GBP,ETF,EQUITY,Google,LU0328474803,XAUS,Australia & New Zealand Equity,GBX,LON:XAUS
db x-trackers ShortDAX Daily 1C GBP,ETF,EQUITY,Google,LU0292106241,XSDX,Trading - Leveraged/Inverse Equity,GBX,LON:XSDX
db x-trackers Stoxx Eurp600 (DR) 1C GBP,ETF,EQUITY,Google,LU0328475792,XSX6,Europe Large-Cap Blend Equity,GBX,LON:XSX6
db x-trackers Stoxx Eurp600 Banks 1C GBP,ETF,EQUITY,Google,LU0292103651,XS7R,Sector Equity Financial Services,GBX,LON:XS7R
db x-trackers Stoxx Eurp600 Bas Res 1C GBP,ETF,EQUITY,Google,LU0292100806,XSPR,Sector Equity Industrial Materials,GBX,LON:XSPR
db x-trackers Stoxx Eurp600 Food&Bev 1C GBP,ETF,EQUITY,Google,LU0292105359,XS3R,Sector Equity Consumer Goods & Services,GBX,LON:XS3R
db x-trackers Stoxx Eurp600 HC 1C GBP,ETF,EQUITY,Google,LU0292103222,XSDR,Sector Equity Healthcare,GBX,LON:XSDR
db x-trackers Stoxx Eurp600 IndlGds 1C GBP,ETF,EQUITY,Google,LU0292106084,XSNR,Sector Equity Industrial Materials,GBX,LON:XSNR
db x-trackers Stoxx Eurp600 Oil&Gas 1C GBP,ETF,EQUITY,Google,LU0292101796,XSER,Sector Equity Energy,GBX,LON:XSER
db x-trackers Stoxx Eurp600 Tech 1C GBP,ETF,EQUITY,Google,LU0292104469,XS8R,Sector Equity Technology,GBX,LON:XS8R
db x-trackers Stoxx Eurp600 Telecom 1C GBP,ETF,EQUITY,Google,LU0292104030,XSKR,Sector Equity Communications,GBX,LON:XSKR
db x-trackers Stoxx Eurp600 Utilities 1C GBP,ETF,EQUITY,Google,LU0292104899,XS6R,Sector Equity Utilities,GBX,LON:XS6R
db x-trackers Stoxx Glbl Sel Div 100 1D GBP,ETF,EQUITY,Google,LU0292096186,XGSD,Global Equity Income,USD,LON:XGSD
ETFS 3x Short EUR Long GBP,ETF,FX,Google,JE00B3W0MY68,SUP3,Other,GBX,LON:SUP3
ETFS 3x Short JPY Long GBP,ETF,FX,Google,JE00B3TG7R50,SYP3,Other,GBX,LON:SYP3
ETFS Agriculture ETC GBP,ETF,COMMODITIES,Google,GB00B15KYH63,AGAP,Commodities - Broad Agriculture,GBX,LON:AGAP
ETFS All Commodities ETC GBP,ETF,COMMODITIES,Google,GB00B15KY989,AGCP,Commodities - Broad Basket,GBX,LON:AGCP
ETFS Brent Oil 1 month ETC GBP,ETF,COMMODITIES,Google,GB00B0CTWC01,OLBP,Commodities - Energy,GBX,LON:OLBP
ETFS Carbon ETC GBP,ETF,COMMODITIES,Google,JE00B3CG6315,CARP,Commodities - Other,GBX,LON:CARP
ETFS Crude Oil ETC,ETF,COMMODITIES,Google,GB00B15KXV33,CRUD,Commodities - Energy,USD,LON:CRUD
ETFS DAX Daily 2x Long GO ETF GBP,ETF,EQUITY,Google,IE00B4QNHH68,DL2P,Trading - Leveraged/Inverse Equity,GBX,LON:DL2P
ETFS DAX Daily 2x Short GO ETF GBP,ETF,EQUITY,Google,IE00B4QNHZ41,DS2P,Trading - Leveraged/Inverse Equity,GBX,LON:DS2P
ETFS DAXglobal Gold Mining GO ETF GBP,ETF,EQUITY,Google,IE00B3CNHG25,AUCP,Sector Equity Precious Metals,GBX,LON:AUCP
ETFS FTSE 100 Leveraged Daily 2x GO ETF,ETF,EQUITY,Google,IE00B4QNJJ23,LUK2,Trading - Leveraged/Inverse Equity,GBX,LON:LUK2
ETFS FTSE 100 SuperShrtStratDly2x GO ETF,ETF,EQUITY,Google,IE00B4QNK008,SUK2,Trading - Leveraged/Inverse Equity,GBX,LON:SUK2
ETFS GBP Daily Hdg Brent Crude Oil ETC,ETF,COMMODITIES,Google,JE00B766LB87,PBRT,Commodities - Energy,GBX,LON:PBRT
ETFS GBP Daily Hdgd All Comm DJ-UBS ETC,ETF,COMMODITIES,Google,JE00B6S1W779,PALL,Commodities - Broad Basket,GBX,LON:PALL
ETFS Gold Bullion Securities ETC GBP,ETF,COMMODITIES,Google,GB00B00FHZ82,GBSS,Commodities - Precious Metals,GBX,LON:GBSS
ETFS Gold ETC GBP,ETF,COMMODITIES,Google,GB00B15KXX56,BULP,Commodities - Precious Metals,GBX,LON:BULP
ETFS Grains ETC GBP,ETF,COMMODITIES,Google,GB00B15KYL00,AGGP,Commodities - Grains,GBX,LON:AGGP
ETFS Long AUD Short GBP,ETF,FX,Google,JE00B3S7BB10,GBAU,Other,GBX,LON:GBAU
ETFS Long AUD Short USD GBP,ETF,FX,Google,JE00B68GQH02,AUDP,Other,GBX,LON:AUDP
ETFS Long CAD Short GBP,ETF,FX,Google,JE00B3X07W84,GBCA,Other,GBX,LON:GBCA
ETFS Long CAD Short USD GBP,ETF,FX,Google,JE00B68GRL13,CADP,Other,GBX,LON:CADP
ETFS Long CHF Short GBP,ETF,FX,Google,JE00B3SX3R93,GBCH,Other,GBX,LON:GBCH
ETFS Long CHF Short USD GBP,ETF,FX,Google,JE00B68GVR52,CHFP,Other,GBX,LON:CHFP
ETFS Long EUR Short GBP,ETF,FX,Google,JE00B3Y3SZ64,GBUR,Other,GBX,LON:GBUR
ETFS Long GBP Short USD GBP,ETF,FX,Google,JE00B68GR111,GBPP,Other,GBX,LON:GBPP
ETFS Long JPY Short GBP,ETF,FX,Google,JE00B3XR4V72,GBJP,Other,GBX,LON:GBJP
ETFS Long JPY Short USD GBP,ETF,FX,Google,JE00B68GSP26,JPYP,Other,GBX,LON:JPYP
ETFS Long NOK Short GBP,ETF,FX,Google,JE00B3S5RB71,GBNO,Other,GBX,LON:GBNO
ETFS Long NOK Short USD GBP,ETF,FX,Google,JE00B68GTQ08,NOKP,Other,GBX,LON:NOKP
ETFS Long NZD Short GBP,ETF,FX,Google,JE00B45W1502,GBNZ,Other,GBX,LON:GBNZ
ETFS Long NZD Short USD GBP,ETF,FX,Google,JE00B68GT711,NZDP,Other,GBX,LON:NZDP
ETFS Long USD Short GBP,ETF,FX,Google,JE00B3WPFZ34,GBUS,Other,GBX,LON:GBUS
ETFS Longer Dated All Commodities GO ETF GBP,ETF,COMMODITIES,Google,IE00B4WPHX27,CMFP,Commodities - Broad Basket,GBX,LON:CMFP
ETFS Natural Gas ETC GBP,ETF,COMMODITIES,Google,GB00B15KY104,NGSP,Commodities - Energy,GBX,LON:NGSP
ETFS Physical Gold GBP,ETF,COMMODITIES,Google,JE00B1VS3770,PHGP,Commodities - Precious Metals,GBX,LON:PHGP
ETFS Physical PM Basket ETC GBP,ETF,COMMODITIES,Google,JE00B1VS3W29,PHPP,Commodities - Precious Metals,GBX,LON:PHPP
ETFS Physical Silver ETC GBP,ETF,COMMODITIES,Google,JE00B1VS3333,PHSP,Commodities - Precious Metals,GBX,LON:PHSP
ETFS Russell 2000 US Small Cap GO ETF GBP,ETF,EQUITY,Google,IE00B3CNHJ55,RTWP,US Small-Cap Equity,GBX,LON:RTWP
ETFS Short AUD Long GBP,ETF,FX,Google,JE00B3WMCJ71,AUGB,Other,GBX,LON:AUGB
ETFS Short AUD Long USD GBP,ETF,FX,Google,JE00B68GQZ83,SAUP,Other,GBX,LON:SAUP
ETFS Short CAD Long GBP,ETF,FX,Google,JE00B3XY7H57,CAGB,Other,GBX,LON:CAGB
ETFS Short CAD Long USD GBP,ETF,FX,Google,JE00B68GS291,SCDP,Other,GBX,LON:SCDP
ETFS Short CHF Long GBP,ETF,FX,Google,JE00B3NKMM36,CHGB,Other,GBX,LON:CHGB
ETFS Short CHF Long USD GBP,ETF,FX,Google,JE00B68GVT76,SCHP,Other,GBX,LON:SCHP
ETFS Short EUR Long GBP,ETF,FX,Google,JE00B45CYD99,URGB,Other,GBX,LON:URGB
ETFS Short EUR Long USD GBP,ETF,FX,Google,JE00B68GSM94,SEUP,Other,GBX,LON:SEUP
ETFS Short GBP Long USD GBP,ETF,FX,Google,JE00B68GRJ90,USD2,Other,GBX,LON:USD2
ETFS Short JPY Long GBP,ETF,FX,Google,JE00B3QBQJ84,JPGB,Other,GBX,LON:JPGB
ETFS Short JPY Long USD GBP,ETF,FX,Google,JE00B68GT596,SJPP,Other,GBX,LON:SJPP
ETFS Short NZD Long GBP,ETF,FX,Google,JE00B3YHSG97,NZGB,Other,GBX,LON:NZGB
ETFS Short SEK Long GBP,ETF,FX,Google,JE00B3TK4N26,SKGB,Other,GBX,LON:SKGB
ETFS Short SEK Long USD GBP,ETF,FX,Google,JE00B68GV865,SSEP,Other,GBX,LON:SSEP
ETFS Short USD Long GBP,ETF,FX,Google,JE00B438PT24,USGB,Other,GBX,LON:USGB
ETFS Silver ETC,ETF,COMMODITIES,Google,GB00B15KY328,SLVR,Commodities - Precious Metals,USD,LON:SLVR
ETFS US Energy Infrastructure MLP GO ETF GBP,ETF,EQUITY,Google,IE00BHZKHS06,MLPX,Sector Equity Energy,GBX,LON:MLPX
ETFS WTI 2mth ETC GBP,ETF,COMMODITIES,Google,GB00B0CTWK84,OLWP,Commodities - Energy,GBX,LON:OLWP
First Trust UK AlphaDEX?A GBP,ETF,EQUITY,Google,IE00B8X9NZ57,FKU,UK Large-Cap Blend Equity,GBX,LON:FKU
First Trust US Lg Cp Cor AlphaDEX?A USD GBP,ETF,EQUITY,Google,IE00B8X9NW27,FEX,US Large-Cap Blend Equity,USD,LON:FEX
FT Emerging Markets AlphaDEX?ETF A USD GBP,ETF,EQUITY,Google,IE00B8X9NX34,FEM,Global Emerging Markets Equity,USD,LON:FEM
HSBC EURO STOXX 50 ETF GBP,ETF,EQUITY,Google,IE00B4K6B022,H50E,Eurozone Large-Cap Equity,GBX,LON:H50E
HSBC FTSE 100 ETF,ETF,EQUITY,Google,IE00B42TW061,HUKX,UK Large-Cap Blend Equity,GBX,LON:HUKX
HSBC FTSE 250 ETF,ETF,EQUITY,Google,IE00B64PTF05,HMCX,UK Mid-Cap Equity,GBX,LON:HMCX
HSBC FTSE EPRA/NAREIT Developed ETF GBP,ETF,PROPERTY,Google,IE00B5L01S80,HPRO,Property - Indirect Global,USD,LON:HPRO
HSBC MSCI AC FAR EAST ex JAPAN ETF GBP,ETF,EQUITY,Google,IE00BBQ2W338,HMAF,Asia ex Japan Equity,USD,LON:HMAF
HSBC MSCI Brazil ETF GBP,ETF,EQUITY,Google,IE00B5W34K94,HBRL,Brazil Equity,GBX,LON:HBRL
HSBC MSCI Canada ETF GBP,ETF,EQUITY,Google,IE00B51B7Z02,HCAN,Canada Equity,USD,LON:HCAN
HSBC MSCI China ETF GBP,ETF,EQUITY,Google,IE00B44T3H88,HMCH,China Equity,USD,LON:HMCH
HSBC MSCI EM Far East ETF GBP,ETF,EQUITY,Google,IE00B5LP3W10,HMFE,Asia ex Japan Equity,USD,LON:HMFE
HSBC MSCI EM LA ETF GBP,ETF,EQUITY,Google,IE00B4TS3815,HMLA,Latin America Equity,USD,LON:HMLA
HSBC MSCI Emerg Mkts ETF GBP,ETF,EQUITY,Google,IE00B5SSQT16,HMEF,Global Emerging Markets Equity,USD,LON:HMEF
HSBC MSCI Europe ETF GBP,ETF,EQUITY,Google,IE00B5BD5K76,HMEU,Europe Large-Cap Blend Equity,GBX,LON:HMEU
HSBC MSCI Indonesia ETF GBP,ETF,EQUITY,Google,IE00B46G8275,HIDR,Indonesia Equity,USD,LON:HIDR
HSBC MSCI JAPAN ETF GBP,ETF,EQUITY,Google,IE00B5VX7566,HMJP,Japan Large-Cap Equity,USD,LON:HMJP
HSBC MSCI Korea ETF GBP,ETF,EQUITY,Google,IE00B3Z0X395,HKOR,Korea Equity,USD,LON:HKOR
HSBC MSCI Malaysia ETF GBP,ETF,EQUITY,Google,IE00B3X3R831,HMYR,Other Asia-Pacific Equity,USD,LON:HMYR
HSBC MSCI Mexico Capped ETF GBP,ETF,EQUITY,Google,IE00B3QMYK80,HMEX,Other Americas Equity,USD,LON:HMEX
HSBC MSCI Pacific ex Japan ETF GBP,ETF,EQUITY,Google,IE00B5SG8Z57,HMXJ,Asia-Pacific ex-Japan Equity,USD,LON:HMXJ
HSBC MSCI Russia Capped ETF GBP,ETF,EQUITY,Google,IE00B5LJZQ16,HRUB,Russia Equity,USD,LON:HRUB
HSBC MSCI Turkey ETF GBP,ETF,EQUITY,Google,IE00B5BRQB73,HTRY,Turkey Equity,USD,LON:HTRY
HSBC MSCI USA ETF GBP,ETF,EQUITY,Google,IE00B5WFQ436,HMUS,US Large-Cap Blend Equity,USD,LON:HMUS
HSBC MSCI World ETF GBP,ETF,EQUITY,Google,IE00B4X9L533,HMWO,Global Large-Cap Blend Equity,USD,LON:HMWO
HSBC S&P 500 ETF GBP,ETF,EQUITY,Google,IE00B5KQNG97,HSPX,US Large-Cap Blend Equity,USD,LON:HSPX
iShares $ High Yld Corp Bd USD Dist JDR GBP,ETF,BOND,Google,IE00B4PY7Y77,SHYU,USD High Yield Bond,GBP,LON:SHYU
iShares $ TIPS GBP,ETF,BOND,Google,IE00B1FZSC47,ITPS,USD Inflation-Linked Bond,USD,LON:ITPS
iShares $ Treasury Bond 1-3yr GBP,ETF,BOND,Google,IE00B14X4S71,IBTS,USD Government Bond,USD,LON:IBTS
iShares $ Treasury Bond 3-7yr USD Acc GBP,ETF,BOND,Google,IE00B3VWN393,CU71,USD Government Bond,GBX,LON:CU71
iShares $ Treasury Bond 7-10yr GBP,ETF,BOND,Google,IE00B1FZS798,IBTM,USD Government Bond,USD,LON:IBTM
iShares $ Treasury Bond 7-10yr USD Acc GBP,ETF,BOND,Google,IE00B3VWN518,CU01,USD Government Bond,GBX,LON:CU01
iShares ‡Corp Bond 0-5yr GBP Dist,ETF,BOND,Google,IE00B5L65R35,IS15,GBP Corporate Bond,EUR,LON:IS15
iShares ‡Corp Bond ex-Fincls GBP Dist,ETF,BOND,Google,IE00B4L60H17,ISXF,GBP Corporate Bond,EUR,LON:ISXF
iShares ‡Index-Linked Gilts GBP Dist,ETF,BOND,Google,IE00B1FZSD53,INXG,GBP Inflation-Linked Bond,GBP,LON:INXG
iShares ‡Ultrashort Bond GBP Dist,ETF,BOND,Google,IE00BCRY6441,ERNS,GBP Diversified Bond - Short Term,GBP,LON:ERNS
iShares  Aggregate Bond EUR Dist GBP,ETF,BOND,Google,IE00B3DKXQ41,SEAG,EUR Diversified Bond,GBP,LON:SEAG
iShares  Corp Bd ex-Fincls 1-5yr  Dist GBP,ETF,BOND,Google,IE00B4L5ZY03,EEX5,EUR Corporate Bond - Short Term,GBP,LON:EEX5
iShares  Corp Bond 1-5yr EUR Dist GBP,ETF,BOND,Google,IE00B4L60045,SE15,EUR Corporate Bond - Short Term,GBP,LON:SE15
iShares  Corp Bond ex-Fincls EUR Dist GBP,ETF,BOND,Google,IE00B4L5ZG21,EEXF,EUR Corporate Bond,GBP,LON:EEXF
iShares  Covered Bond EUR Dist GBP,ETF,BOND,Google,IE00B3B8Q275,SCOV,EUR Corporate Bond,GBP,LON:SCOV
iShares  Govt Bond 10-15yr EUR Dist GBP,ETF,BOND,Google,IE00B4WXJH41,IBGZ,EUR Bond - Long Term,GBP,LON:IBGZ
iShares  Govt Bond 5-7yr EUR Dist GBP,ETF,BOND,Google,IE00B4WXJG34,IBGY,EUR Government Bond,GBP,LON:IBGY
iShares  High Yield Corp Bond EUR Dist GBP,ETF,BOND,Google,IE00B66F4759,SHYG,EUR High Yield Bond,GBP,LON:SHYG
iShares  Inflation Lnkd Govt Bd EUR Acc GBP,ETF,BOND,Google,IE00B0M62X26,IBCI,EUR Inflation-Linked Bond,EUR,LON:IBCI
iShares AEX EUR Dist GBP,ETF,EQUITY,Google,IE00B0M62Y33,IAEX,Netherlands Equity,GBX,LON:IAEX
iShares Agribusiness USD Acc GBP,ETF,EQUITY,Google,IE00B6R52143,SPAG,Sector Equity Agriculture,GBX,LON:SPAG
iShares Asia Pacific Dividend GBP,ETF,EQUITY,Google,IE00B14X4T88,IAPD,Asia-Pacific inc. Japan Equity,USD,LON:IAPD
iShares Asia Property Yield GBP,ETF,PROPERTY,Google,IE00B1FZS244,IASP,Property - Indirect Asia,USD,LON:IASP
iShares BRIC 50 GBP,ETF,EQUITY,Google,IE00B1W57M07,BRIC,BRIC Equity,USD,LON:BRIC
iShares China Large Cap GBP,ETF,EQUITY,Google,IE00B02KXK85,FXC,China Equity,USD,LON:FXC
iShares Core ‡Corp Bond GBP Dist,ETF,BOND,Google,IE00B00FV011,SLXX,GBP Corporate Bond,GBP,LON:SLXX
iShares Core  Govt Bond EUR Dist GBP,ETF,BOND,Google,IE00B4WXJJ64,SEGA,EUR Government Bond,GBP,LON:SEGA
iShares Core EURO STOXX 50 EUR Acc GBP,ETF,EQUITY,Google,IE00B53L3W79,CS51,Eurozone Large-Cap Equity,GBX,LON:CS51
iShares Core FTSE 100 GBP Dist,ETF,EQUITY,Google,IE0005042456,ISF,UK Large-Cap Blend Equity,GBX,LON:ISF
iShares Core MSCI EM IMI USD Acc GBP,ETF,EQUITY,Google,IE00BKM4GZ66,EMIM,Global Emerging Markets Equity,USD,LON:EMIM
iShares Core MSCI Japan IMI USD Acc GBP,ETF,EQUITY,Google,IE00B4L5YX21,SJPA,Japan Large-Cap Equity,GBX,LON:SJPA
iShares Core MSCI Pacific ex-Jpn USD Acc GBP,ETF,EQUITY,Google,IE00B52MJY50,CPJ1,Asia-Pacific ex-Japan Equity,GBX,LON:CPJ1
iShares Core MSCI World USD Acc GBP,ETF,EQUITY,Google,IE00B4L5Y983,SWDA,Global Large-Cap Blend Equity,GBX,LON:SWDA
iShares Core S&P 500 USD (Acc) GBP,ETF,EQUITY,Google,IE00B5BMR087,CSP1,US Large-Cap Blend Equity,GBX,LON:CSP1
iShares Core UK Gilts GBP Dist,ETF,BOND,Google,IE00B1FZSB30,IGLT,GBP Government Bond,GBP,LON:IGLT
iShares Developed Markets Property Yld GBP,ETF,PROPERTY,Google,IE00B1FZS350,IWDP,Property - Indirect Global,USD,LON:IWDP
iShares Dow Jones Glbl Sstnbty Scrnd$Acc GBP,ETF,EQUITY,Google,IE00B57X3V84,IGSG,Global Large-Cap Blend Equity,GBX,LON:IGSG
iShares Dow Jones Industrial Avg USD Acc GBP,ETF,EQUITY,Google,IE00B53L4350,CID1,US Large-Cap Blend Equity,GBX,LON:CID1
iShares Edge MSCI EM Minimum Vol USD Acc GBP,ETF,EQUITY,Google,IE00B8KGV557,EMV,Global Emerging Markets Equity,USD,LON:EMV
iShares Edge MSCI Europe Min Vol EUR Acc GBP,ETF,EQUITY,Google,IE00B86MWN23,IMV,Europe Large-Cap Blend Equity,EUR,LON:IMV
iShares Edge MSCI Wld Mom Fctr USD Acc GBP,ETF,EQUITY,Google,IE00BP3QZ825,IWFM,Global Large-Cap Blend Equity,GBX,LON:IWFM
iShares Edge MSCI Wld Qual Fctr USD Acc GBP,ETF,EQUITY,Google,IE00BP3QZ601,IWFQ,Global Large-Cap Blend Equity,GBX,LON:IWFQ
iShares Edge MSCI Wld Size Fctr USD Acc GBP,ETF,EQUITY,Google,IE00BP3QZD73,IWFS,Global Small-Cap Equity,GBX,LON:IWFS
iShares Edge MSCI World Min Vol USD Acc GBP,ETF,EQUITY,Google,IE00B8FHGS14,MINV,Global Large-Cap Blend Equity,USD,LON:MINV
iShares Edge S&P 500 Min Vol USD (Acc) GBP,ETF,EQUITY,Google,IE00B6SPMN59,MVUS,US Large-Cap Blend Equity,USD,LON:MVUS
iShares EM Dividend USD Dist GBP,ETF,EQUITY,Google,IE00B652H904,SEDY,Global Emerging Markets Equity,GBX,LON:SEDY
iShares EM Local Govt Bond USD Dist GBP,ETF,BOND,Google,IE00B5M4WH52,SEML,Global Emerging Markets Bond - Local Currency,GBP,LON:SEML
iShares Emerg Asia Lcl Govt Bd USD Dist GBP,ETF,BOND,Google,IE00B6QGFW01,SGEA,Global Emerging Markets Bond - Local Currency,GBP,LON:SGEA
iShares Emerging Market Infrastructure GBP,ETF,EQUITY,Google,IE00B2NPL135,IEMI,Sector Equity Infrastructure,USD,LON:IEMI
iShares EURO Dividend GBP,ETF,EQUITY,Google,IE00B0M62S72,IDVY,Eurozone Large-Cap Equity,GBX,LON:IDVY
iShares Euro Government Bond 1-3yr GBP,ETF,BOND,Google,IE00B14X4Q57,IBGS,EUR Government Bond - Short Term,GBP,LON:IBGS
iShares Euro Government Bond 15-30yr GBP,ETF,BOND,Google,IE00B1FZS913,IBGL,EUR Bond - Long Term,EUR,LON:IBGL
iShares Euro Government Bond 3-5yr GBP,ETF,BOND,Google,IE00B1FZS681,IBGX,EUR Government Bond,EUR,LON:IBGX
iShares Euro Government Bond 7-10yr GBP,ETF,BOND,Google,IE00B1FZS806,IBGM,EUR Government Bond,EUR,LON:IBGM
iShares EURO STOXX 50 Dist GBP,ETF,EQUITY,Google,IE0008471009,EUE,Eurozone Large-Cap Equity,GBX,LON:EUE
iShares EURO STOXX Mid GBP,ETF,EQUITY,Google,IE00B02KXL92,DJMC,Eurozone Mid-Cap Equity,GBX,LON:DJMC
iShares EURO STOXX Small GBP,ETF,EQUITY,Google,IE00B02KXM00,DJSC,Eurozone Mid-Cap Equity,GBX,LON:DJSC
iShares EURO Total Market Growth Large GBP,ETF,EQUITY,Google,IE00B0M62V02,IDJG,Eurozone Large-Cap Equity,GBX,LON:IDJG
iShares EURO Total Market Value Large GBP,ETF,EQUITY,Google,IE00B0M62T89,IDJV,Eurozone Large-Cap Equity,GBX,LON:IDJV
iShares European Property Yield GBP,ETF,PROPERTY,Google,IE00B0M63284,IPRP,Property - Indirect Europe,GBX,LON:IPRP
iShares Finland Govt Bond EUR Dist GBP,ETF,BOND,Google,IE00B5SH2232,SFIN,EUR Government Bond,GBP,LON:SFIN
iShares FTSE 100 GBP Acc GBP,ETF,EQUITY,Google,IE00B53HP851,CUKX,UK Large-Cap Blend Equity,GBX,LON:CUKX
iShares FTSE 250 GBP Dist,ETF,EQUITY,Google,IE00B00FV128,MIDD,UK Mid-Cap Equity,GBX,LON:MIDD
iShares FTSE MIB EUR Acc GBP,ETF,EQUITY,Google,IE00B53L4X51,CMB1,Italy Equity,GBX,LON:CMB1
iShares FTSE MIB EUR Dist GBP,ETF,EQUITY,Google,IE00B1XNH568,IMIB,Italy Equity,GBX,LON:IMIB
iShares FTSEurofirst 100 EUR Dist GBP,ETF,EQUITY,Google,IE0030974079,IEUT,Europe Large-Cap Blend Equity,GBX,LON:IEUT
iShares FTSEurofirst 80 EUR Dist GBP,ETF,EQUITY,Google,IE0004855221,IEUR,Eurozone Large-Cap Equity,GBX,LON:IEUR
iShares Germany Govt Bond EUR Dist GBP,ETF,BOND,Google,IE00B5V94313,SDEU,EUR Government Bond,GBP,LON:SDEU
iShares Global AAA-AA Govt Bond USD Dist GBP,ETF,BOND,Google,IE00B87G8S03,SAAA,Global Bond,USD,LON:SAAA
iShares Global Clean Energy GBP,ETF,EQUITY,Google,IE00B1XNHC34,INRG,Sector Equity Alternative Energy,USD,LON:INRG
iShares Global Corp Bond USD Dist GBP,ETF,BOND,Google,IE00B7J7TB45,CRPS,Global Corporate Bond,USD,LON:CRPS
iShares Global Govt Bond USD Dist GBP,ETF,BOND,Google,IE00B3F81K65,SGLO,Global Bond,GBP,LON:SGLO
iShares Global Hi Yld Corp Bd GBP H Dist,ETF,BOND,Google,IE00B8KQFS66,GHYS,Global High Yield Bond - GBP Hedged,GBP,LON:GHYS
iShares Global HY Corp Bd USD Dist GBP,ETF,BOND,Google,IE00B74DQ490,IGHY,Global High Yield Bond,USD,LON:IGHY
iShares Global Infl Lnkd Govt Bd USD Acc GBP,ETF,BOND,Google,IE00B3B8PX14,SGIL,Global Inflation-Linked Bond,GBP,LON:SGIL
iShares Global Infrastructure GBP,ETF,EQUITY,Google,IE00B1FZS467,INFR,Sector Equity Infrastructure,USD,LON:INFR
iShares Global Timber & Forestry GBP,ETF,EQUITY,Google,IE00B27YCF74,WOOD,Sector Equity Natural Resources,USD,LON:WOOD
iShares Global Water GBP,ETF,EQUITY,Google,IE00B1TXK627,IH2O,Sector Equity Water,GBX,LON:IH2O
iShares Gold Producers USD Acc GBP,ETF,EQUITY,Google,IE00B6R52036,SPGP,Sector Equity Precious Metals,GBX,LON:SPGP
iShares Italy Govt Bond EUR Dist GBP,ETF,BOND,Google,IE00B7LW6Y90,SITB,EUR Government Bond,GBP,LON:SITB
iShares JP Morgan $ EM Bond USD Dist GBP,ETF,BOND,Google,IE00B2NPKV68,SEMB,Global Emerging Markets Bond,GBX,LON:SEMB
iShares Listed Private Equity GBP,ETF,EQUITY,Google,IE00B1TXHL60,IPRV,Sector Equity Private Equity,USD,LON:IPRV
iShares MSCI AC Far East ex-Japan GBP,ETF,EQUITY,Google,IE00B0M63730,IFFF,Asia ex Japan Equity,USD,LON:IFFF
iShares MSCI AC FarEast ex-Jpn SmCap$Dit GBP,ETF,EQUITY,Google,IE00B2QWDR12,ISFE,Asia ex-Japan Small/Mid-Cap Equity,USD,LON:ISFE
iShares MSCI ACWI USD Acc GBP,ETF,EQUITY,Google,IE00B6R52259,SSAC,Global Large-Cap Blend Equity,GBX,LON:SSAC
iShares MSCI Australia USD Acc GBP,ETF,EQUITY,Google,IE00B5377D42,SAUS,Australia & New Zealand Equity,GBX,LON:SAUS
iShares MSCI Brazil Dist GBP,ETF,EQUITY,Google,IE00B0M63516,IBZL,Brazil Equity,USD,LON:IBZL
iShares MSCI Canada USD Acc GBP,ETF,EQUITY,Google,IE00B52SF786,CSCA,Canada Equity,USD,LON:CSCA
iShares MSCI Eastern Europe Capped GBP,ETF,EQUITY,Google,IE00B0M63953,IEER,Emerging Europe Equity,USD,LON:IEER
iShares MSCI EM Asia USD Acc GBP,ETF,EQUITY,Google,IE00B5L8K969,CEA1,Asia ex Japan Equity,GBX,LON:CEA1
iShares MSCI EM Latin America Dist GBP,ETF,EQUITY,Google,IE00B27YCK28,LTAM,Latin America Equity,USD,LON:LTAM
iShares MSCI EM Small Cap USD Dist GBP,ETF,EQUITY,Google,IE00B3F81G20,SEMS,Global Emerging Markets Small/Mid-Cap Equity,GBX,LON:SEMS
iShares MSCI Emerging Markets (Acc) GBP,ETF,EQUITY,Google,IE00B4L5YC18,SEMA,Global Emerging Markets Equity,GBX,LON:SEMA
iShares MSCI Emerging Markets Dist GBP,ETF,EQUITY,Google,IE00B0M63177,IEEM,Global Emerging Markets Equity,USD,LON:IEEM
iShares MSCI EMU Small Cap EUR Acc GBP,ETF,EQUITY,Google,IE00B3VWMM18,CES1,Eurozone Small-Cap Equity,GBX,LON:CES1
iShares MSCI Europe Dist GBP,ETF,EQUITY,Google,IE00B1YZSC51,IMEU,Europe Large-Cap Blend Equity,GBX,LON:IMEU
iShares MSCI Europe EUR Acc GBP,ETF,EQUITY,Google,IE00B4K48X80,SMEA,Europe Large-Cap Blend Equity,GBX,LON:SMEA
iShares MSCI Europe ex-UK EUR Dist GBP,ETF,EQUITY,Google,IE00B14X4N27,IEUX,Europe ex-UK Large-Cap Equity,GBX,LON:IEUX
iShares MSCI Europe SRI EUR Acc GBP,ETF,EQUITY,Google,IE00B52VJ196,IESG,Europe Large-Cap Blend Equity,GBX,LON:IESG
iShares MSCI GCC ex-Saudi Arabia GBP,ETF,EQUITY,Google,IE00B3F81623,SGCC,Other Africa & Middle East Equity,GBX,LON:SGCC
iShares MSCI Japan GBP Hedged Acc,ETF,EQUITY,Google,IE00B02KXH56,IJPN,Japan Equity - Currency Hedged,USD,LON:IJPN
iShares MSCI Japan Small Cap USD Dist GBP,ETF,EQUITY,Google,IE00B7XYN974,IJPH,Japan Small/Mid-Cap Equity,GBP,LON:IJPH
iShares MSCI Japan USD Acc GBP,ETF,EQUITY,Google,IE00B2QWDY88,ISJP,Japan Large-Cap Equity,GBX,LON:ISJP
iShares MSCI Japan USD Dist GBP,ETF,EQUITY,Google,IE00B53QDK08,CSJP,Japan Large-Cap Equity,USD,LON:CSJP
iShares MSCI Korea Dist GBP,ETF,EQUITY,Google,IE00B0M63391,IKOR,Korea Equity,USD,LON:IKOR
iShares MSCI Korea USD Acc GBP,ETF,EQUITY,Google,IE00B5W4TY14,CKR1,Korea Equity,GBX,LON:CKR1
iShares MSCI Mexico Capped USD Acc GBP,ETF,EQUITY,Google,IE00B5WHFQ43,CMX1,Other Americas Equity,GBX,LON:CMX1
iShares MSCI North America GBP,ETF,EQUITY,Google,IE00B14X4M10,INAA,US Large-Cap Blend Equity,USD,LON:INAA
iShares MSCI Pacific ex-Japan USD Dist GBP,ETF,EQUITY,Google,IE00B4WXJD03,SPXJ,Asia-Pacific ex-Japan Equity,GBX,LON:SPXJ
iShares MSCI Poland USD Acc GBP,ETF,EQUITY,Google,IE00B4M7GH52,SPOL,Poland Equity,GBX,LON:SPOL
iShares MSCI Russia ADR/GDR USD Acc GBP,ETF,EQUITY,Google,IE00B5V87390,CRU1,Russia Equity,GBX,LON:CRU1
iShares MSCI South Africa USD Acc GBP,ETF,EQUITY,Google,IE00B52XQP83,SRSA,South Africa & Namibia Equity,GBX,LON:SRSA
iShares MSCI Taiwan USD Dist GBP,ETF,EQUITY,Google,IE00B0M63623,ITWN,Taiwan Large-Cap Equity,USD,LON:ITWN
iShares MSCI Turkey GBP,ETF,EQUITY,Google,IE00B1FZS574,ITKY,Turkey Equity,USD,LON:ITKY
iShares MSCI UK Small Cap GBP Acc GBP,ETF,EQUITY,Google,IE00B3VWLG82,CUKS,UK Small-Cap Equity,GBX,LON:CUKS
iShares MSCI USA Small Cap USD Acc GBP,ETF,EQUITY,Google,IE00B3VWM098,CUS1,US Small-Cap Equity,GBX,LON:CUS1
iShares MSCI World GBP Hedged Acc,ETF,EQUITY,Google,IE00B42YS929,IGWD,Global Large-Cap Blend Equity,GBX,LON:IGWD
iShares MSCI World USD Dist GBP,ETF,EQUITY,Google,IE00B0M62Q58,IWRD,Global Large-Cap Blend Equity,USD,LON:IWRD
iShares NASDAQ 100 USD Acc GBP,ETF,EQUITY,Google,IE00B53SZB19,CNX1,US Large-Cap Growth Equity,GBX,LON:CNX1
iShares Nikkei 225 JPY Acc GBP,ETF,EQUITY,Google,IE00B52MJD48,CNKY,Japan Large-Cap Equity,GBX,LON:CNKY
iShares Oil & Gas Explor&Prodtn USD Acc GBP,ETF,EQUITY,Google,IE00B6R51Z18,SPOG,Sector Equity Natural Resources,GBX,LON:SPOG
iShares Physical Gold ETC GBP,ETF,COMMODITIES,Google,IE00B4ND3602,SGLN,Commodities - Precious Metals,GBX,LON:SGLN
iShares Physical Palladium ETC GBP,ETF,COMMODITIES,Google,IE00B4556L06,SPDM,Commodities - Precious Metals,GBX,LON:SPDM
iShares Physical Platinum ETC GBP,ETF,COMMODITIES,Google,IE00B4LHWP62,SPLT,Commodities - Precious Metals,GBX,LON:SPLT
iShares Physical Silver ETC GBP,ETF,COMMODITIES,Google,IE00B4NCWG09,SSLN,Commodities - Precious Metals,GBX,LON:SSLN
iShares S&P 500 GBP Hedged Acc,ETF,EQUITY,Google,IE00B3Y8X563,IGUS,US Equity - Currency Hedged,GBX,LON:IGUS
iShares S&P 500 USD (Dist) GBP,ETF,EQUITY,Google,IE0031442068,IUSA,US Large-Cap Blend Equity,USD,LON:IUSA
iShares S&P Small Cap 600 USD Dist GBP,ETF,EQUITY,Google,IE00B2QWCY14,ISP6,US Small-Cap Equity,USD,LON:ISP6
iShares Spain Govt Bond EUR Dist GBP,ETF,BOND,Google,IE00B428Z604,SESP,EUR Government Bond,GBP,LON:SESP
iShares STOXX Europe 50 GBP,ETF,EQUITY,Google,IE0008470928,EUN,Europe Large-Cap Blend Equity,GBX,LON:EUN
iShares UK Dividend GBP Dist,ETF,EQUITY,Google,IE00B0M63060,IUKD,UK Equity Income,GBX,LON:IUKD
iShares UK Gilts 0-5yr GBP Dist,ETF,BOND,Google,IE00B4WXJK79,IGLS,GBP Government Bond,GBP,LON:IGLS
iShares UK Property GBP Dist,ETF,PROPERTY,Google,IE00B1TXLS18,IUKP,Property - Indirect Other,GBX,LON:IUKP
iShares US Aggregate Bond USD Dist GBP,ETF,BOND,Google,IE00B44CGS96,SUAG,USD Diversified Bond,GBP,LON:SUAG
iShares US Property Yield GBP,ETF,PROPERTY,Google,IE00B1FZSF77,IUSP,Property - Indirect North America,USD,LON:IUSP
Lyxor Australia (S&P/ASX 200) ETF D USD GBP,ETF,EQUITY,Google,LU0496787036,LAUS,Australia & New Zealand Equity,GBX,LON:LAUS
Lyxor Brazil (Ibovespa) ETF C-USD GBP,ETF,EQUITY,Google,FR0010413294,RIOL,Brazil Equity,USD,LON:RIOL
Lyxor China Enterprise (HSCEI) ETF C-USD GBP,ETF,EQUITY,Google,FR0010581413,ASIL,China Equity,USD,LON:ASIL
Lyxor Comd Thm R/C CRB exEngTR ETF C-$ GBP,ETF,COMMODITIES,Google,FR0010358887,CRNL,Commodities - Broad Basket,USD,LON:CRNL
Lyxor Commodit Thm R/C CRB TR ETF C-USD GBP,ETF,COMMODITIES,Google,FR0010318998,CRBL,Commodities - Broad Basket,USD,LON:CRBL
Lyxor East Eurp CECE NTR EUR ETF C GBP,ETF,EQUITY,Google,FR0010204073,CECL,Emerging Europe ex-Russia Equity,USD,LON:CECL
Lyxor ETF Dow Jones Industr Avrg D A/I GBP,ETF,EQUITY,Google,FR0007056841,DJEL,US Large-Cap Blend Equity,USD,LON:DJEL
Lyxor Euro Stoxx 50 (DR) ETF C EUR GBP,ETF,EQUITY,Google,LU0908501215,MSED,Eurozone Large-Cap Equity,GBX,LON:MSED
Lyxor FTSE 100 ETF C-GBP,ETF,EQUITY,Google,FR0010438127,L100,UK Large-Cap Blend Equity,GBX,LON:L100
Lyxor FTSE 250 ETF A/I,ETF,EQUITY,Google,FR0010438135,L250,UK Mid-Cap Equity,GBX,LON:L250
Lyxor FTSE All Share ETF A/I,ETF,EQUITY,Google,FR0010438150,LFAS,UK Large-Cap Blend Equity,GBX,LON:LFAS
Lyxor Japan TOPIX DR ETF D-EUR A/I GBP,ETF,EQUITY,Google,FR0010245514,JPNL,Japan Large-Cap Equity,USD,LON:JPNL
Lyxor JPX-Nikkei 400 DR ETF C-EUR GBP,ETF,EQUITY,Google,FR0012144582,JPXG,Japan Large-Cap Equity,GBX,LON:JPXG
Lyxor Kuwait FTSE Coast Kuwait40 ETF A/I GBP,ETF,EQUITY,Google,FR0010614834,LKUW,Other Africa & Middle East Equity,GBX,LON:LKUW
Lyxor MSCI AC AsiaPac ex Jap ETF C-USD GBP,ETF,EQUITY,Google,FR0010581439,AEJL,Asia-Pacific ex-Japan Equity,GBX,LON:AEJL
Lyxor MSCI All Country World ETF C-USD GBP,ETF,EQUITY,Google,FR0011093418,ACWL,Global Large-Cap Blend Equity,GBX,LON:ACWL
Lyxor MSCI EM Latin America ETF C-USD GBP,ETF,EQUITY,Google,FR0010413310,LTML,Latin America Equity,USD,LON:LTML
Lyxor MSCI Emerging Markets ETF C-USD GBP,ETF,EQUITY,Google,FR0010435297,LEML,Global Emerging Markets Equity,USD,LON:LEML
Lyxor MSCI India ETF C-USD GBP,ETF,EQUITY,Google,FR0010375766,INRL,India Equity,USD,LON:INRL
Lyxor MSCI Indonesia ETF C-USD GBP,ETF,EQUITY,Google,FR0011070374,INDL,Indonesia Equity,GBX,LON:INDL
Lyxor MSCI Korea ETF C-USD GBP,ETF,EQUITY,Google,FR0010581447,KRWL,Korea Equity,GBX,LON:KRWL
Lyxor MSCI Malaysia ETF USD A/I GBP,ETF,EQUITY,Google,FR0010589069,MALL,Other Asia-Pacific Equity,GBX,LON:MALL
Lyxor MSCI Taiwan ETF C-USD GBP,ETF,EQUITY,Google,FR0010444794,TWND,Taiwan Large-Cap Equity,GBX,LON:TWND
Lyxor MSCI USA ETF D-USD A/I GBP,ETF,EQUITY,Google,FR0010372193,USAL,US Large-Cap Blend Equity,USD,LON:USAL
Lyxor MSCI World Cnsmr Discret TR ETF C$ GBP,ETF,EQUITY,Google,LU0533032180,DISG,Sector Equity Consumer Goods & Services,GBX,LON:DISG
Lyxor MSCI World CnsmrStapl TR ETF C USD GBP,ETF,EQUITY,Google,LU0533032347,STAG,Sector Equity Consumer Goods & Services,GBX,LON:STAG
Lyxor MSCI World Energy TR ETF C USD GBP,ETF,EQUITY,Google,LU0533032776,NRGG,Sector Equity Energy,GBX,LON:NRGG
Lyxor MSCI World ETF D-USD A/I GBP,ETF,EQUITY,Google,FR0010372201,WLDL,Global Large-Cap Blend Equity,USD,LON:WLDL
Lyxor MSCI World Financials TR ETF C USD GBP,ETF,EQUITY,Google,LU0533033071,FING,Sector Equity Financial Services,GBX,LON:FING
Lyxor MSCI World Hlth Care TR ETF C USD GBP,ETF,EQUITY,Google,LU0533033311,HLTG,Sector Equity Healthcare,GBX,LON:HLTG
Lyxor MSCI World Indtls TR ETF C USD GBP,ETF,EQUITY,Google,LU0533033584,INUG,Sector Equity Industrial Materials,GBX,LON:INUG
Lyxor MSCI World Info Tech TR ETF C USD GBP,ETF,EQUITY,Google,LU0533033741,TNOG,Sector Equity Technology,GBX,LON:TNOG
Lyxor MSCI World Materials TR ETF C USD GBP,ETF,EQUITY,Google,LU0533034046,MATG,Sector Equity Industrial Materials,GBX,LON:MATG
Lyxor MSCI World Telecom Svcs TR ETF C$ GBP,ETF,EQUITY,Google,LU0533034392,TELG,Sector Equity Communications,GBX,LON:TELG
Lyxor MSCI World Utilities TR ETF C USD GBP,ETF,EQUITY,Google,LU0533034632,UTIG,Sector Equity Utilities,GBX,LON:UTIG
Lyxor Nasdaq-100 ETF D-USD A/I GBP,ETF,EQUITY,Google,FR0010446930,UST,US Large-Cap Growth Equity,GBX,LON:UST
Lyxor Russell 2000 ETF C-USD GBP,ETF,EQUITY,Google,FR0011119254,RU2K,US Small-Cap Equity,GBX,LON:RU2K
Lyxor Russia (DJ Russia GDR) ETF D-GBP,ETF,EQUITY,Google,FR0011495944,RUSL,Russia Equity,USD,LON:RUSL
Lyxor SG European Qual Inc NTR ETF D EUR GBP,ETF,EQUITY,Google,LU0959210278,SGQG,Europe Large-Cap Blend Equity,GBX,LON:SGQG
Lyxor SG Global Qual Inc NTR ETF C GBP,ETF,EQUITY,Google,LU0855692520,SGQL,Global Equity Income,USD,LON:SGQL
Lyxor SG Global Qual Inc NTR ETF D GBP,ETF,EQUITY,Google,LU0855671011,SGQP,Global Equity Income,GBX,LON:SGQP
Lyxor South Afr (FTSEJSE Top40) ETF CEUR GBP,ETF,EQUITY,Google,FR0010464446,AFSL,South Africa & Namibia Equity,USD,LON:AFSL
Lyxor Stoxx Europe 600 (DR) ETF C EUR GBP,ETF,EQUITY,Google,LU0908500753,MEUD,Europe Large-Cap Blend Equity,GBX,LON:MEUD
Lyxor Thailand (SET50 Net TR) ETF C-USD GBP,ETF,EQUITY,Google,FR0011070440,THA,Thailand Equity,GBX,LON:THA
Lyxor Turkey DJ Turkey Titans 20 ETF A/I GBP,ETF,EQUITY,Google,FR0010326256,TURL,Turkey Equity,GBX,LON:TURL
Lyxor World Water ETF D-EUR A/I GBP,ETF,EQUITY,Google,FR0010527275,WATL,Sector Equity Water,GBX,LON:WATL
Market Access DAXglobal?BRIC ETF GBP,ETF,EQUITY,Google,LU0269999792,BRDX,BRIC Equity,GBP,LON:BRDX
Market Access NYSE Arca GoldBugs ETF GBP,ETF,EQUITY,Google,LU0259322260,GOLB,Sector Equity Precious Metals,GBP,LON:GOLB
Ossiam FTSE 100 Minimum Var ETF 1C GBP,ETF,EQUITY,Google,LU0705291739,UKMV,UK Large-Cap Blend Equity,GBX,LON:UKMV
Ossiam iSTOXX?EurMiniVar NR ETF 1C GBP,ETF,EQUITY,Google,LU0599612842,LEMV,Europe Large-Cap Blend Equity,GBX,LON:LEMV
Ossiam STOXX?Eur600 EqWg NR ETF 1C GBP,ETF,EQUITY,Google,LU0599613147,L6EW,Europe Large-Cap Blend Equity,GBX,LON:L6EW
PIMCO ST HY Corp Bd Sour ETF Inc GBP,ETF,BOND,Google,IE00B7N3YW49,SSHY,USD High Yield Bond,GBP,LON:SSHY
PIMCO Sterling Short Maturity Source ETF,ETF,BOND,Google,IE00B622SG73,QUID,GBP Diversified Bond - Short Term,GBP,LON:QUID
PowerShares Dynamic US Market ETF GBP,ETF,EQUITY,Google,IE00B23D9240,PSWC,US Large-Cap Blend Equity,USD,LON:PSWC
PowerShares EQQQ Nasdaq-100 ETF GBP,ETF,EQUITY,Google,IE0032077012,EQQQ,US Large-Cap Growth Equity,USD,LON:EQQQ
PowerShares FTSE RAFI All-World 3000 ETF GBP,ETF,EQUITY,Google,IE00B23LNQ02,PSRW,Global Flex-Cap Equity,GBX,LON:PSRW
PowerShares FTSE RAFI Emerging Mkts ETF GBP,ETF,EQUITY,Google,IE00B23D9570,PSRM,Global Emerging Markets Equity,GBX,LON:PSRM
PowerShares FTSE RAFI Europe ETF GBP,ETF,EQUITY,Google,IE00B23D8X81,PSRE,Europe Large-Cap Value Equity,GBX,LON:PSRE
PowerShares FTSE RAFI Europe Md-Sm ETF GBP,ETF,EQUITY,Google,IE00B23D8Y98,PSES,Europe Mid-Cap Equity,GBX,LON:PSES
PowerShares FTSE RAFI UK 100 ETF,ETF,EQUITY,Google,IE00B23LNN70,PSRU,UK Large-Cap Value Equity,GBX,LON:PSRU
PowerShares FTSE RAFI US 1000 ETF GBP,ETF,EQUITY,Google,IE00B23D8S39,PSRF,US Large-Cap Value Equity,USD,LON:PSRF
Source Cnsmr Stapl S&P US Sel Sect ETF GBP,ETF,EQUITY,Google,IE00B435BG20,XLPP,Sector Equity Consumer Goods & Services,GBX,LON:XLPP
Source FTSE 100 ETF,ETF,EQUITY,Google,IE00B60SWT88,S100,UK Large-Cap Blend Equity,GBX,LON:S100
Source FTSE 250 ETF,ETF,EQUITY,Google,IE00B60SWV01,S250,UK Mid-Cap Equity,GBX,LON:S250
Source LGIM Commodity Composite ETF GBP,ETF,COMMODITIES,Google,IE00B4TXPP71,LGCF,Commodities - Broad Basket,USD,LON:LGCF
Source Mstar US Enrgy Infra MLP ETF B GBP,ETF,EQUITY,Google,IE00B8CJW150,MLPP,Sector Equity Energy,GBX,LON:MLPP
Source Physical Gold P-ETC GBP,ETF,COMMODITIES,Google,IE00B579F325,SGLP,Commodities - Precious Metals,GBX,LON:SGLP
Source Technology S&P US Select Sect ETF GBP,ETF,EQUITY,Google,IE00B3VSSL01,XLKQ,Sector Equity Technology,GBX,LON:XLKQ
SPDR?Barclays 0-3 Year US Corp Bd ETF GBP,ETF,BOND,Google,IE00BC7GZX26,SUSD,USD Corporate Bond,GBP,LON:SUSD
SPDR?Barclays 0-5 Year Stlg Corp Bd ETF,ETF,BOND,Google,IE00BCBJF711,SUKC,GBP Corporate Bond,GBP,LON:SUKC
SPDR?Barclays 1-5 Year Gilt ETF,ETF,BOND,Google,IE00B6YX5K17,GLTS,GBP Government Bond,GBP,LON:GLTS
SPDR?Barclays Emerging Mkts Lcl Bd ETF GBP,ETF,BOND,Google,IE00B4613386,EMDL,Global Emerging Markets Bond - Local Currency,GBP,LON:EMDL
SPDR?Barclays Sterling Corporate Bd ETF,ETF,BOND,Google,IE00B4694Z11,UKCO,GBP Corporate Bond,GBP,LON:UKCO
SPDR?Dow Jones Global Real Estate ETF GBP,ETF,PROPERTY,Google,IE00B8GF1M35,GBRE,Property - Indirect Global,GBP,LON:GBRE
SPDR?FTSE UK All Share ETF,ETF,EQUITY,Google,IE00B7452L46,FTAL,UK Large-Cap Blend Equity,GBP,LON:FTAL
SPDR?MSCI EM Asia ETF GBP,ETF,EQUITY,Google,IE00B466KX20,EMAS,Asia ex Japan Equity,GBP,LON:EMAS
SPDR?MSCI EM Europe ETF GBP,ETF,EQUITY,Google,IE00B431K857,EMEO,Emerging Europe Equity,GBP,LON:EMEO
SPDR?MSCI EM Latin America ETF GBP,ETF,EQUITY,Google,IE00B454X613,EMLA,Latin America Equity,GBP,LON:EMLA
SPDR?MSCI Emerging Markets SmallCap ETF GBP,ETF,EQUITY,Google,IE00B48X4842,EMSM,Global Emerging Markets Small/Mid-Cap Equity,GBP,LON:EMSM
SPDR?S&P 500 ETF GBP,ETF,EQUITY,Google,IE00B6YX5C33,SPX5,US Large-Cap Blend Equity,USD,LON:SPX5
SPDR?S&P 500 Low Volatility ETF GBP,ETF,EQUITY,Google,IE00B802KR88,USLV,US Large-Cap Value Equity,GBP,LON:USLV
SPDR?S&P Emerging Markets Dividend ETF GBP,ETF,EQUITY,Google,IE00B6YX5B26,EMDV,Global Emerging Markets Equity,USD,LON:EMDV
SPDR?S&P Euro Dividend Aristocrats ETF GBP,ETF,EQUITY,Google,IE00B5M1WJ87,EUDV,Eurozone Large-Cap Equity,EUR,LON:EUDV
SPDR?S&P Global Div Aristocrats ETF GBP,ETF,EQUITY,Google,IE00B9CQXS71,GBDV,Global Large-Cap Value Equity,GBP,LON:GBDV
SPDR?S&P Pan Asia Div Aristocrats ETF GBP,ETF,EQUITY,Google,IE00B9KNR336,PADV,Asia-Pacific inc. Japan Equity,GBP,LON:PADV
SPDR?S&P UK Dividend Aristocrats ETF,ETF,EQUITY,Google,IE00B6S2Z822,UKDV,UK Large-Cap Value Equity,GBP,LON:UKDV
SPDR?S&P US Dividend Aristocrats ETF GBP,ETF,EQUITY,Google,IE00B6YX5D40,USDV,US Large-Cap Value Equity,USD,LON:USDV
UBS ETF Barcl Cap US 1-3 Trea Bd USD A GBP,ETF,BOND,Google,LU0721552544,UB74,USD Government Bond,GBX,LON:UB74
UBS ETF Barcl Cap US 7-10 Trea Bd USD A GBP,ETF,BOND,Google,LU0721552973,UB82,USD Government Bond,GBX,LON:UB82
UBS ETF CMCI Composite SF USD A acc GBP,ETF,COMMODITIES,Google,IE00B53H0131,UC15,Commodities - Broad Basket,USD,LON:UC15
UBS ETF EURO STOXX 50 EUR A dis GBP,ETF,EQUITY,Google,LU0136234068,UB01,Eurozone Large-Cap Equity,EUR,LON:UB01
UBS ETF FTSE 100 GBP A dis GBP,ETF,EQUITY,Google,LU0136242590,UB03,UK Large-Cap Blend Equity,GBX,LON:UB03
UBS ETF Markit iBoxx  Germ 1-3 A dis GBP,ETF,BOND,Google,LU0721553351,UB89,EUR Government Bond - Short Term,GBX,LON:UB89
UBS ETF Markit iBoxx  LiqCorp EUR A dis GBP,ETF,BOND,Google,LU0721553864,UB99,EUR Corporate Bond,GBX,LON:UB99
UBS ETF MSCI Canada CAD A dis GBP,ETF,EQUITY,Google,LU0446734872,UB23,Canada Equity,GBX,LON:UB23
UBS ETF MSCI Canada SF CAD A acc GBP,ETF,EQUITY,Google,IE00B5TZCY80,UC24,Canada Equity,GBX,LON:UC24
UBS ETF MSCI Emerging Mkts SF USD A acc GBP,ETF,EQUITY,Google,IE00B3Z3FS74,UC27,Global Emerging Markets Equity,GBX,LON:UC27
UBS ETF MSCI Emerging Mkts USD A dis GBP,ETF,EQUITY,Google,LU0480132876,UB32,Global Emerging Markets Equity,USD,LON:UB32
UBS ETF MSCI EMU EUR A dis GBP,ETF,EQUITY,Google,LU0147308422,UB06,Eurozone Large-Cap Equity,GBX,LON:UB06
UBS ETF MSCI EMU H GBP A acc GBP,ETF,EQUITY,Google,LU0950669688,UC60,Europe Equity - Currency Hedged,GBX,LON:UC60
UBS ETF MSCI EMU H GBP A dis GBP,ETF,EQUITY,Google,LU0937835733,UC59,Europe Equity - Currency Hedged,GBX,LON:UC59
UBS ETF MSCI EMU Small Cap EUR A dis GBP,ETF,EQUITY,Google,LU0671493277,UB69,Eurozone Small-Cap Equity,GBX,LON:UB69
UBS ETF MSCI EMU SRI EUR A dis GBP,ETF,EQUITY,Google,LU0629460675,UB39,Eurozone Large-Cap Equity,GBX,LON:UB39
UBS ETF MSCI EMU Value EUR A dis GBP,ETF,EQUITY,Google,LU0446734369,UB17,Eurozone Large-Cap Equity,GBX,LON:UB17
UBS ETF MSCI Europe EUR A dis GBP,ETF,EQUITY,Google,LU0446734104,UB12,Europe Large-Cap Blend Equity,GBX,LON:UB12
UBS ETF MSCI Japan H GBP A acc,ETF,EQUITY,Google,LU0969638583,UC62,Japan Equity - Currency Hedged,GBX,LON:UC62
UBS ETF MSCI Japan H GBP A dis,ETF,EQUITY,Google,LU0969638401,UC61,Japan Equity - Currency Hedged,GBX,LON:UC61
UBS ETF MSCI Japan JPY A dis GBP,ETF,EQUITY,Google,LU0136240974,UB02,Japan Large-Cap Equity,USD,LON:UB02
UBS ETF MSCI Pacific ex Jpn USD A dis GBP,ETF,EQUITY,Google,LU0446734526,UB20,Asia-Pacific ex-Japan Equity,GBX,LON:UB20
UBS ETF MSCI Pacific SRI USD A dis GBP,ETF,EQUITY,Google,LU0629460832,UB45,Asia-Pacific inc. Japan Equity,GBX,LON:UB45
UBS ETF MSCI United Kingdom GBP A acc GBP,ETF,EQUITY,Google,LU0950670850,UC64,UK Large-Cap Blend Equity,GBX,LON:UC64
UBS ETF MSCI United Kingdom GBP A dis GBP,ETF,EQUITY,Google,LU0937836467,UC63,UK Large-Cap Blend Equity,GBX,LON:UC63
UBS ETF MSCI USA H GBP A acc GBP,ETF,EQUITY,Google,IE00BD4TYJ05,UC74,US Equity - Currency Hedged,GBX,LON:UC74
UBS ETF MSCI USA H GBP A dis GBP,ETF,EQUITY,Google,IE00BD4TYH80,UC73,US Equity - Currency Hedged,GBX,LON:UC73
UBS ETF MSCI USA SRI USD A dis GBP,ETF,EQUITY,Google,LU0629460089,UC46,US Large-Cap Blend Equity,GBX,LON:UC46
UBS ETF MSCI USA USD A dis GBP,ETF,EQUITY,Google,LU0136234654,UC04,US Large-Cap Blend Equity,USD,LON:UC04
UBS ETF MSCI USA Value USD A dis GBP,ETF,EQUITY,Google,IE00B78JSG98,UC07,US Large-Cap Value Equity,GBX,LON:UC07
UBS ETF MSCI World SRI USD A dis GBP,ETF,EQUITY,Google,LU0629459743,UC44,Global Large-Cap Blend Equity,GBX,LON:UC44
UBS ETF MSCI World USD A dis GBP,ETF,EQUITY,Google,LU0340285161,UC55,Global Large-Cap Blend Equity,USD,LON:UC55
UBS ETF S&P 500 USD A dis GBP,ETF,EQUITY,Google,IE00B7K93397,UC13,US Large-Cap Blend Equity,USD,LON:UC13
Vanguard FTSE 100 ETF,ETF,EQUITY,Google,IE00B810Q511,VUKE,UK Large-Cap Blend Equity,GBP,LON:VUKE
Vanguard FTSE 250 ETF,ETF,EQUITY,Google,IE00BKX55Q28,VMID,UK Mid-Cap Equity,GBP,LON:VMID
Vanguard FTSE All-World ETF GBP,ETF,EQUITY,Google,IE00B3RBWM25,VWRL,Global Large-Cap Blend Equity,USD,LON:VWRL
Vanguard FTSE All-World High Div Yld ETF GBP,ETF,EQUITY,Google,IE00B8GKDB10,VHYL,Global Equity Income,USD,LON:VHYL
Vanguard FTSE Dev Asia Pac exJpn ETF GBP,ETF,EQUITY,Google,IE00B9F5YL18,VAPX,Asia-Pacific ex-Japan Equity,USD,LON:VAPX
Vanguard FTSE Developed Europe ETF GBP,ETF,EQUITY,Google,IE00B945VV12,VEUR,Europe Large-Cap Blend Equity,GBP,LON:VEUR
Vanguard FTSE Developed Europe ex UK ETF GBP,ETF,EQUITY,Google,IE00BKX55S42,VERX,Europe ex-UK Large-Cap Equity,GBP,LON:VERX
Vanguard FTSE Developed World ETF GBP,ETF,EQUITY,Google,IE00BKX55T58,VEVE,Global Large-Cap Blend Equity,USD,LON:VEVE
Vanguard FTSE Emerging Markets ETF GBP,ETF,EQUITY,Google,IE00B3VVMM84,VFEM,Global Emerging Markets Equity,USD,LON:VFEM
Vanguard FTSE Japan ETF GBP,ETF,EQUITY,Google,IE00B95PGT31,VJPN,Japan Large-Cap Equity,USD,LON:VJPN
Vanguard FTSE North America ETF GBP,ETF,EQUITY,Google,IE00BKX55R35,VNRT,US Large-Cap Blend Equity,USD,LON:VNRT
Vanguard S&P 500 ETF GBP,ETF,EQUITY,Google,IE00B3XXRP09,VUSA,US Large-Cap Blend Equity,USD,LON:VUSA
Vanguard UK Gilt UCITS ETF,ETF,BOND,Google,IE00B42WWV65,VGOV,GBP Government Bond,GBP,LON:VGOV
WisdomTree Emerg Mkts Eq Inc ETF GBP,ETF,EQUITY,Google,IE00BQQ3Q067,DEM,Global Emerging Markets Equity,USD,LON:DEM
WisdomTree Europe Equity Income ETF GBP,ETF,EQUITY,Google,IE00BQZJBX31,EEI,Europe Equity Income,EUR,LON:EEI
WisdomTree Europe SmallCap Div ETF GBP,ETF,EQUITY,Google,IE00BQZJC527,DFE,Europe Small-Cap Equity,EUR,LON:DFE
WisdomTree Germany Equity ETF GBP Hdg,ETF,EQUITY,Google,IE00BVXBGY20,DXGP,Europe Equity - Currency Hedged,GBX,LON:DXGP
WisdomTree US Equity Income ETF GBP,ETF,EQUITY,Google,IE00BQZJBQ63,DHS,US Large-Cap Value Equity,USD,LON:DHS
WisdomTree US SmallCap Dividend ETF GBP,ETF,EQUITY,Google,IE00BQZJBT94,DESE,US Small-Cap Equity,USD,LON:DESE
